ID_Produto;Data_Entrega;Quantidade_Demandada;Estoque_Atual;Recomendacao_Reposicao;Capacidade_Armazem;Espaco_Disponivel;Rota_Entrega;Distancia_km;Tempo_Entrega_horas;Custo_Entrega;Atraso_Entrega;Desvio_Rota
272;2023-08-05;407.0;984;Não;17968;1864;Rota D;387.75;12.27;94.25;False;False
147;2023-09-30;383.0;778;Não;11776;1392;Rota B;100.11;5.07;340.85;True;False
217;2023-12-22;348.0;121;Sim;12661;871;Rota B;211.59;12.0;125.82;False;False
292;2023-06-17;314.0;299;Não;5288;525;Rota A;14.88;6.88;320.44;False;True
423;2023-06-07;22.0;613;Sim;14664;619;Rota C;108.7;7.94;596.51;False;False
351;2023-03-07;226.0;389;Não;9079;1512;Rota C;119.57;5.16;299.64;False;False
295;2023-10-07;318.0;168;Não;9817;1301;Rota B;494.0;4.63;644.12;False;False
459;2023-07-20;;244;Sim;10836;315;Rota D;30.41;1.61;670.66;False;False
109;2023-03-29;298.0;783;Não;10648;1263;Rota A;473.47;7.34;598.57;False;False
311;2023-10-21;372.0;14;Não;9213;1213;Rota C;420.71;1.75;474.88;False;False
377;2023-08-06;364.0;469;Não;17024;1504;Rota B;21.01;11.37;299.15;False;False
342;2023-12-12;356.0;0;Sim;9427;288;Rota C;77.0;10.01;189.73;False;False
392;2023-05-15;170.0;291;Sim;19927;30;Rota B;318.22;5.21;487.89;False;False
187;2023-08-05;251.0;609;Sim;10340;1609;Rota C;181.89;2.04;634.44;False;False
170;2023-04-12;152.0;398;Sim;14779;91;Rota C;177.27;4.03;158.95;False;False
188;2023-10-25;254.0;774;Sim;6472;445;Rota B;351.27;1.6;254.26;False;False
496;2023-02-13;233.0;600;Sim;15094;1948;Rota C;497.43;13.67;220.15;False;False
414;2023-04-21;309.0;502;Não;9828;824;Rota B;173.03;6.8;268.79;False;False
293;2023-08-28;280.0;3;Não;14124;1003;Rota A;462.29;9.35;160.77;False;False
139;2023-10-06;123.0;324;Sim;18372;791;Rota C;366.94;5.6;449.86;False;False
187;2023-01-12;329.0;101;Sim;16794;1372;Rota D;425.02;8.35;354.68;False;False
274;2023-04-30;;488;Não;5721;1976;Rota A;259.33;8.67;628.54;False;False
188;2023-10-10;238.0;863;Não;10273;1346;Rota D;271.31;11.08;908.6;False;False
437;2023-02-18;317.0;923;Não;19888;788;Rota B;277.77;7.79;618.33;False;False
265;2023-07-19;;626;Não;18209;1366;Rota D;286.92;5.15;221.97;False;False
125;2023-08-28;144.0;579;Não;10892;608;Rota C;80.78;5.58;155.82;False;False
433;2023-07-02;;802;Não;15122;903;Rota D;111.45;13.98;671.81;False;False
172;2023-04-07;450.0;425;Sim;7145;1464;Rota D;85.33;11.88;828.83;False;True
365;2023-12-23;95.0;781;Não;16350;277;Rota C;103.58;5.61;356.03;False;False
215;2023-12-05;;895;Não;9321;596;Rota C;335.83;10.36;534.92;False;False
343;2023-03-29;299.0;113;Não;15606;915;Rota A;111.19;11.77;797.25;False;False
297;2023-01-03;;401;Não;14891;857;Rota C;440.41;3.57;66.05;False;True
435;2023-09-22;1.0;362;Não;19064;1199;Rota C;68.54;10.83;711.77;False;False
438;2023-09-24;468.0;680;Não;6620;1445;Rota B;494.48;9.19;533.48;False;False
199;2023-09-19;391.0;493;Sim;9997;88;Rota C;10.7;8.39;740.09;False;False
277;2023-10-22;222.0;970;Não;13506;851;Rota C;423.5;6.78;878.75;False;False
343;2023-04-11;68.0;806;Não;12779;439;Rota A;10.98;14.89;519.85;False;False
385;2023-04-28;288.0;554;Não;16695;682;Rota D;394.88;12.27;863.08;False;False
247;2023-03-01;286.0;323;Não;9557;1549;Rota D;366.55;2.45;62.06;False;False
247;2023-06-14;17.0;283;Não;15728;1452;Rota A;350.32;;648.58;False;False
498;2023-09-19;452.0;956;Não;16367;603;Rota D;181.93;8.45;3379.73;False;False
388;2023-02-08;283.0;655;Não;19750;1366;Rota C;317.27;12.03;328.97;False;False
365;2023-06-13;263.0;754;Não;19731;1371;Rota D;303.71;10.93;737.0;False;False
285;2023-03-30;;930;Não;16272;643;Rota D;372.37;5.63;263.22;False;False
227;2023-07-27;486.0;484;Não;15361;1465;Rota A;357.91;13.36;974.41;False;False
132;2023-12-07;268.0;746;Sim;10146;161;Rota D;131.63;8.56;471.9;False;False
131;2023-09-23;338.0;615;Não;16368;797;Rota D;357.7;12.98;693.05;False;False
302;2023-05-13;312.0;690;Não;5095;1365;Rota D;163.11;13.46;531.89;False;False
344;2023-01-25;382.0;44;Não;7010;1090;Rota C;198.9;9.73;126.73;False;False
251;2023-04-05;300.0;340;Sim;5562;1062;Rota C;151.01;3.03;807.14;False;False
263;2023-12-06;324.0;564;Não;6253;1432;Rota C;372.21;9.51;280.36;False;False
470;2023-03-19;21.0;921;Sim;12187;209;Rota D;418.99;1.25;315.19;False;False
283;2023-09-25;476.0;715;Sim;15679;589;Rota D;131.84;9.9;78.91;False;False
128;2023-03-23;120.0;172;Não;10372;1481;Rota D;261.9;3.8;577.36;False;False
390;2023-06-04;477.0;81;Não;9895;1769;Rota D;355.75;13.04;560.71;False;False
228;2023-06-25;271.0;645;Sim;15182;1561;Rota C;414.02;2.21;224.87;False;False
228;2023-04-09;271.0;595;Não;5947;1061;Rota C;366.36;5.1;737.75;True;False
153;2023-01-22;81.0;711;Sim;5293;782;Rota D;58.6;1.04;94.18;False;False
489;2023-06-20;484.0;255;Não;7699;925;Rota A;345.2;13.78;795.1;False;False
138;2023-05-26;448.0;836;Não;8407;367;Rota B;453.65;13.19;994.03;False;False
344;2023-04-12;;607;Não;18228;903;Rota C;226.57;4.28;202.09;False;False
373;2023-09-02;231.0;349;Não;13324;1338;Rota C;373.88;2.68;349.0;True;False
435;2023-07-03;44.0;106;Não;18795;1947;Rota C;481.34;8.48;327.78;False;False
488;2023-04-11;156.0;754;Não;9338;1948;Rota C;350.04;8.31;568.5;False;False
205;2023-07-16;359.0;603;Sim;6937;854;Rota D;151.97;7.51;145.07;False;False
142;2023-04-22;216.0;160;Não;13684;1092;Rota A;231.52;8.11;525.99;False;False
131;2023-08-15;;491;Não;9633;1987;Rota C;239.67;9.44;902.42;False;False
476;2023-09-25;24.0;937;Não;7998;280;Rota B;426.03;14.3;474.29;False;False
357;2023-04-08;291.0;210;Não;16642;1255;Rota D;484.45;13.72;691.76;True;False
421;2023-08-27;289.0;413;Não;16852;1178;Rota D;300.67;10.84;838.38;False;False
157;2023-01-12;322.0;909;Não;14984;1274;Rota B;47.69;13.63;683.65;False;False
391;2023-01-26;279.0;364;Sim;8936;1673;Rota C;475.28;10.09;345.44;False;False
458;2023-04-08;278.0;649;Não;15182;955;Rota C;497.07;11.3;360.45;False;False
219;2023-12-18;442.0;54;Não;10859;873;Rota C;203.83;9.6;679.37;False;False
367;2023-10-29;;904;Não;12593;1268;Rota B;414.66;6.25;209.36;True;False
182;2023-09-20;302.0;25;Sim;7408;183;Rota A;222.6;7.02;91.39;False;False
191;2023-03-31;489.0;161;Não;6107;1863;Rota A;350.78;8.98;73.74;False;True
484;2023-12-11;424.0;529;Sim;7147;1620;Rota A;30.52;4.42;396.2;False;False
498;2023-02-08;281.0;497;Não;12517;1419;Rota B;446.44;2.08;770.92;True;False
199;2023-02-21;343.0;431;Não;7538;198;Rota B;31.95;10.75;742.47;False;False
153;2023-01-17;274.0;528;Sim;5727;348;Rota A;117.83;7.83;473.97;False;False
496;2023-08-07;437.0;561;Sim;9889;877;Rota C;288.2;4.34;320.75;True;False
221;2023-09-17;475.0;62;Não;14428;258;Rota C;442.5;7.15;98.37;False;False
184;2023-12-13;137.0;839;Não;13620;167;Rota A;143.52;1.45;63.58;False;False
303;2023-05-03;262.0;862;Não;16592;1593;Rota A;53.77;7.67;61.51;False;False
424;2023-09-16;226.0;976;Sim;14686;250;Rota B;406.69;9.9;591.23;False;False
362;2023-05-14;343.0;86;Não;13498;923;Rota B;186.06;10.09;905.72;False;True
147;2023-09-29;251.0;507;Sim;16253;415;Rota D;374.37;;862.31;False;False
227;2023-12-01;83.0;165;Sim;9751;931;Rota B;104.27;6.18;217.69;False;False
231;2023-06-30;267.0;265;Sim;6535;1164;Rota D;124.1;7.77;374.16;False;False
456;2023-12-26;63.0;942;Sim;13068;1856;Rota A;183.49;14.39;276.35;False;False
280;2023-09-21;30.0;652;Sim;12883;767;Rota A;394.48;6.19;424.88;True;False
434;2023-06-29;140.0;88;Sim;8354;663;Rota C;469.79;7.38;392.66;True;False
243;2023-12-25;159.0;381;Sim;14291;1669;Rota D;395.73;14.95;500.48;True;False
248;2023-09-07;328.0;373;Não;10914;1719;Rota B;13.81;2.26;982.83;False;False
327;2023-07-03;59.0;406;Sim;15188;192;Rota C;406.14;1.05;797.7;False;False
379;2023-04-24;479.0;184;Sim;7844;803;Rota C;321.85;3.91;920.96;True;False
307;2023-07-25;43.0;590;Não;17160;1407;Rota D;401.28;2.19;55.43;False;False
497;2023-11-08;470.0;557;Não;9421;10;Rota C;290.44;13.49;542.6;False;False
473;2023-03-30;328.0;801;Não;19393;1693;Rota D;24.04;8.0;872.01;False;False
441;2023-09-10;154.0;702;Sim;11630;319;Rota D;403.53;12.12;729.36;False;False
148;2023-11-21;493.0;516;Não;9621;1840;Rota B;47.42;;337.75;False;False
405;2023-04-28;311.0;837;Sim;17054;210;Rota A;180.64;14.37;704.48;False;False
169;2023-07-05;119.0;637;Não;13955;571;Rota B;274.89;5.37;579.4;False;False
269;2023-12-16;340.0;76;Sim;10371;116;Rota D;150.08;4.44;724.25;False;False
263;2023-04-13;26.0;681;Sim;13152;175;Rota D;382.26;9.36;501.37;False;True
195;2023-07-26;174.0;396;Não;16581;1981;Rota B;487.32;8.81;960.15;False;False
297;2023-03-24;378.0;768;Não;13794;1162;Rota B;236.66;13.59;993.92;False;False
194;2023-08-25;491.0;709;Não;6598;1171;Rota C;476.85;7.22;982.79;False;False
356;2023-01-04;132.0;150;Não;12813;1765;Rota C;459.35;14.88;535.77;True;False
469;2023-06-15;373.0;745;Não;11994;1101;Rota C;1516.89;11.46;836.49;False;False
278;2023-10-13;469.0;353;Sim;8438;185;Rota A;366.16;;944.74;False;False
392;2023-03-20;498.0;689;Sim;19556;1987;Rota A;19.81;9.36;884.11;False;False
404;2023-09-25;340.0;627;Sim;18891;1572;Rota A;451.79;11.31;558.03;False;False
449;2023-01-12;250.0;833;Não;12191;1539;Rota A;290.57;13.18;995.88;False;False
487;2023-09-30;38.0;394;Não;16145;1443;Rota B;74.47;12.08;324.83;False;False
198;2023-03-02;162.0;198;Não;18747;967;Rota D;348.79;8.65;964.92;False;False
142;2023-05-04;;122;Não;10637;758;Rota C;143.23;13.86;342.93;False;False
468;2023-04-14;365.0;16;Não;9314;1866;Rota C;348.95;3.86;596.92;True;False
301;2023-07-11;218.0;711;Sim;10665;1108;Rota D;49.41;4.38;115.5;False;True
483;2023-07-07;8.0;411;Não;19465;860;Rota B;487.78;10.0;884.98;False;False
100;2023-05-10;445.0;294;Não;8135;1608;Rota D;42.6;13.12;621.93;True;False
494;2023-07-01;166.0;107;Sim;10600;1032;Rota B;435.18;2.98;428.07;False;False
470;2023-10-12;85.0;84;Sim;19420;465;Rota D;164.79;9.19;110.93;False;False
143;2023-12-08;355.0;425;Não;10615;1404;Rota D;153.62;13.03;742.91;False;False
483;2023-08-05;273.0;722;Não;16611;1733;Rota C;203.54;7.29;460.47;False;False
123;2023-03-15;174.0;627;Não;15986;1245;Rota D;388.55;5.8;791.09;False;False
287;2023-12-04;489.0;454;Não;17492;1979;Rota C;107.88;13.31;789.78;False;False
230;2023-01-16;168.0;934;Não;6311;720;Rota A;229.07;14.08;858.57;False;False
477;2023-05-12;34.0;674;Não;16501;441;Rota A;249.51;10.1;472.39;True;False
198;2023-04-17;354.0;113;Não;8547;1396;Rota B;454.69;13.35;126.83;False;False
162;2023-08-02;322.0;714;Não;17218;854;Rota C;281.88;5.54;623.56;False;False
322;2023-10-12;202.0;767;Não;11531;739;Rota D;322.94;9.09;708.17;False;False
223;2023-11-11;88.0;359;Não;19579;1586;Rota C;448.1;;448.05;False;False
182;2023-08-02;325.0;808;Não;6620;867;Rota A;173.34;6.4;862.69;False;False
327;2023-03-20;281.0;40;Sim;10514;592;Rota A;1639.74;8.16;903.18;False;False
248;2023-11-18;7.0;923;Não;10299;117;Rota C;396.37;15.0;929.77;False;False
309;2023-11-29;354.0;94;Não;19409;411;Rota B;381.78;4.74;869.97;False;False
150;2023-09-25;371.0;164;Não;15181;608;Rota D;168.91;3.95;861.15;False;False
370;2023-10-09;256.0;98;Sim;5141;1327;Rota A;474.5;3.52;744.15;False;False
141;2023-12-26;61.0;571;Não;16580;450;Rota C;418.51;4.29;427.34;False;False
158;2023-09-25;217.0;601;Não;8688;11;Rota B;11.38;4.68;239.57;False;False
293;2023-12-13;62.0;923;Sim;10562;1106;Rota C;61.78;7.01;343.48;False;False
136;2023-08-26;188.0;696;Não;5301;216;Rota D;237.63;11.6;163.27;False;False
366;2023-05-25;122.0;127;Sim;19489;1560;Rota D;456.05;8.51;677.68;False;False
186;2023-09-15;459.0;954;Não;7947;128;Rota D;96.37;12.91;114.4;False;False
143;2023-01-17;;287;Sim;7496;621;Rota C;337.79;1.05;399.98;False;False
460;2023-02-03;240.0;816;Sim;15958;1468;Rota C;435.33;14.16;209.5;False;False
111;2023-02-03;29.0;126;Não;14460;1224;Rota D;1752.61;3.39;302.59;False;False
358;2023-06-22;153.0;387;Não;17046;87;Rota B;331.47;6.58;836.53;False;False
407;2023-10-24;388.0;320;Não;11359;513;Rota B;182.89;12.72;617.55;False;False
180;2023-11-25;467.0;549;Não;13463;1275;Rota D;188.27;10.03;252.81;False;False
132;2023-07-25;150.0;503;Não;18829;349;Rota C;383.5;2.63;325.29;False;False
282;2023-04-17;263.0;679;Não;18110;47;Rota C;436.71;13.79;138.89;False;False
228;2023-03-25;85.0;12;Não;8584;1638;Rota B;481.32;12.92;98.88;True;False
394;2023-08-31;278.0;852;Sim;6767;230;Rota D;382.03;6.88;505.09;False;False
375;2023-11-21;120.0;459;Não;13903;1260;Rota C;283.81;6.12;573.01;False;False
274;2023-05-31;284.0;332;Não;11077;1010;Rota C;457.4;11.26;617.0;False;True
142;2023-03-06;411.0;632;Não;16601;434;Rota B;471.97;8.94;761.3;False;False
471;2023-08-18;474.0;370;Sim;17064;977;Rota A;239.12;1.25;236.06;False;False
284;2023-10-15;449.0;987;Não;7589;211;Rota D;474.71;1.56;545.8;False;False
177;2023-03-21;367.0;943;Não;8999;125;Rota B;305.59;12.19;555.86;True;False
386;2023-03-25;388.0;313;Não;9559;1753;Rota A;210.42;6.72;237.71;False;False
380;2023-09-29;310.0;149;Não;14931;1662;Rota A;442.58;2.84;547.03;False;False
225;2023-11-04;294.0;876;Sim;16679;965;Rota B;215.65;13.5;746.71;False;False
358;2023-06-23;8.0;524;Não;13294;507;Rota A;186.57;11.15;147.03;False;False
103;2023-01-11;377.0;657;Não;12638;750;Rota D;411.17;6.23;752.78;False;True
194;2023-04-16;337.0;423;Sim;6780;1877;Rota C;487.78;2.89;519.24;True;True
326;2023-12-03;460.0;927;Não;12651;546;Rota B;334.83;1.7;328.19;False;False
463;2023-03-12;140.0;623;Não;16795;1505;Rota D;168.63;9.97;262.74;False;False
369;2023-01-22;493.0;669;Sim;8397;806;Rota A;419.47;9.76;433.57;False;False
468;2023-08-11;387.0;439;Não;11833;1778;Rota A;457.81;11.38;430.62;False;False
396;2023-07-15;311.0;449;Não;7240;895;Rota B;83.04;10.07;316.51;False;False
428;2023-12-03;6.0;293;Não;9587;1499;Rota B;161.62;7.29;680.27;False;False
119;2023-11-17;274.0;512;Sim;8457;361;Rota C;312.37;2.61;409.65;False;False
195;2023-05-10;251.0;791;Sim;8890;997;Rota A;172.97;6.2;174.29;False;False
428;2023-11-03;382.0;909;Não;8765;817;Rota B;312.85;9.52;608.11;False;False
348;2023-12-19;79.0;136;Não;15810;508;Rota A;415.34;8.35;215.98;False;False
280;2023-12-30;390.0;468;Não;17238;1924;Rota A;77.86;5.09;161.98;True;False
423;2023-12-05;335.0;53;Não;8956;211;Rota A;315.85;;928.87;False;False
417;2023-07-05;82.0;210;Sim;8769;819;Rota B;335.05;5.27;434.68;False;False
370;2023-09-29;234.0;336;Não;6682;801;Rota D;438.16;1.92;632.52;False;True
452;2023-01-29;111.0;781;Não;8241;853;Rota C;359.32;10.61;129.84;False;False
360;2023-11-24;109.0;392;Não;6798;1156;Rota D;396.61;5.93;352.4;False;False
337;2023-10-11;31.0;390;Não;11372;1459;Rota A;91.1;5.25;721.46;False;False
239;2023-08-05;355.0;411;Não;5171;1753;Rota B;74.91;8.52;389.68;False;False
186;2023-11-10;260.0;165;Sim;14969;893;Rota A;1214.68;9.64;772.42;True;True
477;2023-11-11;129.0;419;Não;10024;243;Rota C;91.1;1.14;592.45;False;False
209;2023-08-05;350.0;552;Sim;11359;71;Rota A;191.48;10.76;287.99;False;False
431;2023-09-27;301.0;666;Sim;11779;1464;Rota C;397.18;10.73;972.66;True;False
284;2023-03-20;173.0;350;Não;19104;1662;Rota B;39.62;7.17;365.82;False;False
116;2023-10-04;237.0;972;Não;10170;1828;Rota B;264.81;9.13;462.73;True;False
252;2023-03-13;384.0;441;Não;10512;563;Rota D;277.49;8.05;197.78;False;False
249;2023-07-03;116.0;301;Não;17405;223;Rota B;11.99;1.21;234.56;False;False
210;2023-10-28;;848;Não;6619;61;Rota A;202.64;2.62;792.65;False;False
125;2023-08-24;255.0;314;Não;13450;701;Rota C;454.51;9.57;4817.25;False;False
477;2023-09-03;1.0;151;Não;5028;1391;Rota A;218.86;4.93;621.33;False;True
474;2023-04-02;274.0;766;Não;8110;706;Rota C;457.61;1.31;955.98;False;False
217;2023-02-14;414.0;242;Não;14464;953;Rota B;164.72;;796.67;False;False
183;2023-09-29;92.0;746;Não;7859;1177;Rota D;257.61;13.82;472.52;False;False
261;2023-03-29;419.0;968;Não;13033;1932;Rota A;423.09;9.08;376.2;False;False
460;2023-03-19;499.0;464;Não;17148;1780;Rota B;490.91;7.47;52.62;False;False
328;2023-04-06;229.0;245;Sim;7061;1981;Rota D;382.0;2.97;934.85;True;False
351;2023-04-21;188.0;893;Não;11689;1913;Rota D;178.39;14.03;870.29;False;False
221;2023-07-30;22.0;530;Não;19090;381;Rota B;163.83;10.7;845.62;False;False
426;2023-05-13;64.0;970;Não;15099;1925;Rota C;37.97;6.3;269.7;False;False
387;2023-01-29;;911;Não;16095;675;Rota C;109.43;4.58;883.06;False;False
113;2023-07-13;102.0;486;Não;7893;1246;Rota C;382.27;6.25;284.89;False;False
427;2023-02-19;146.0;893;Não;14587;1268;Rota A;213.27;;960.83;False;False
284;2023-12-10;39.0;856;Sim;9590;1716;Rota B;86.7;4.03;786.41;False;False
252;2023-02-27;208.0;996;Sim;6822;649;Rota A;155.82;4.15;577.29;False;False
179;2023-07-28;386.0;751;Não;5064;1073;Rota C;298.51;;437.5;False;False
141;2023-02-11;144.0;832;Não;11507;1489;Rota C;478.73;6.28;294.6;False;False
374;2023-08-29;490.0;387;Sim;18511;1208;Rota C;480.12;7.21;441.16;False;False
140;2023-07-14;215.0;986;Sim;11467;157;Rota B;65.88;9.44;536.62;False;False
307;2023-10-01;238.0;916;Não;13830;203;Rota B;125.77;13.51;370.79;False;False
367;2023-01-21;;175;Não;10486;1213;Rota D;303.47;14.14;70.23;False;False
266;2023-06-16;;446;Não;10248;1442;Rota D;456.91;14.17;188.55;True;True
211;2023-11-17;438.0;353;Sim;17127;1272;Rota D;490.93;1.08;194.06;False;False
449;2023-05-15;407.0;24;Não;15632;890;Rota C;366.29;12.99;924.35;False;False
229;2023-08-25;462.0;722;Não;16587;939;Rota D;211.7;9.15;457.05;False;False
323;2023-05-31;115.0;808;Não;19859;801;Rota B;437.67;6.62;683.87;False;False
474;2023-03-21;176.0;137;Não;18719;890;Rota B;215.47;9.98;561.81;False;True
400;2023-03-16;195.0;328;Não;14748;1534;Rota D;336.76;8.97;239.22;False;False
316;2023-06-12;268.0;199;Não;9865;156;Rota A;249.92;3.87;217.35;False;False
481;2023-06-18;394.0;476;Não;17998;534;Rota A;391.94;2.19;858.75;False;False
124;2023-06-16;499.0;297;Não;11382;89;Rota D;370.44;3.69;313.16;False;False
167;2023-05-30;;787;Não;9420;1041;Rota C;201.44;4.18;767.27;False;False
359;2023-10-18;439.0;726;Sim;10290;1791;Rota C;59.4;9.26;615.36;True;False
334;2023-06-10;436.0;323;Não;5355;1057;Rota D;476.37;;268.17;False;True
304;2023-10-28;48.0;974;Não;6148;609;Rota B;460.12;8.37;632.16;False;False
391;2023-04-10;;127;Não;14455;1012;Rota A;99.12;7.32;409.67;False;False
314;2023-10-25;395.0;631;Não;11302;601;Rota A;109.62;8.55;439.61;False;False
289;2023-09-07;498.0;834;Sim;15278;1492;Rota C;395.98;3.6;756.09;False;False
297;2023-12-26;255.0;727;Não;17619;1403;Rota D;395.51;12.98;375.7;False;False
315;2023-09-09;135.0;235;Não;12988;1031;Rota D;483.09;11.3;862.16;False;False
143;2023-11-01;375.0;24;Não;18154;192;Rota A;498.82;2.08;884.99;False;False
132;2023-05-19;429.0;596;Não;18815;268;Rota B;254.2;13.47;519.45;False;False
111;2023-11-21;329.0;675;Sim;6731;241;Rota A;480.58;;611.29;True;False
204;2023-10-01;393.0;890;Não;6393;1351;Rota D;409.83;14.58;969.15;False;False
312;2023-09-17;201.0;430;Sim;5490;1964;Rota D;380.62;11.72;391.54;False;False
238;2023-04-12;493.0;544;Não;8264;1623;Rota A;189.32;8.66;434.43;False;False
282;2023-04-05;230.0;802;Não;14222;1574;Rota C;426.69;12.56;307.42;False;False
225;2023-10-13;19.0;554;Não;10665;2;Rota A;460.36;13.6;232.07;False;False
256;2023-04-13;3.0;860;Não;15238;1979;Rota C;369.66;4.03;251.27;False;False
211;2023-05-04;198.0;37;Não;5285;1609;Rota C;326.78;8.28;521.27;False;False
358;2023-06-08;222.0;228;Não;15581;926;Rota A;323.8;7.89;294.01;False;False
127;2023-07-23;230.0;850;Não;15036;1214;Rota C;86.28;12.16;445.36;True;False
317;2023-11-13;101.0;55;Sim;17886;1330;Rota B;117.76;14.4;930.32;False;False
251;2023-05-16;363.0;874;Sim;19427;1690;Rota D;122.18;8.03;806.14;False;False
409;2023-06-29;158.0;547;Não;6219;1548;Rota D;89.71;8.85;896.81;False;False
407;2023-09-02;156.0;999;Sim;11001;914;Rota C;244.22;6.93;616.15;False;False
274;2023-03-15;146.0;355;Não;19335;1511;Rota C;42.79;7.97;456.17;False;False
248;2023-06-18;443.0;65;Não;16102;1777;Rota A;150.84;8.47;849.38;False;True
129;2023-09-01;396.0;349;Sim;11247;413;Rota D;405.64;11.61;337.97;False;False
167;2023-01-22;306.0;660;Sim;13622;186;Rota D;463.17;14.78;694.55;False;False
135;2023-04-05;329.0;229;Não;6367;1006;Rota A;434.05;12.56;220.98;False;False
395;2023-05-24;345.0;355;Sim;17312;934;Rota C;165.41;14.32;611.06;True;False
493;2023-08-29;4.0;814;Não;8307;759;Rota C;269.36;3.05;426.18;False;False
173;2023-10-01;113.0;354;Sim;17685;1350;Rota C;467.5;3.33;406.23;False;False
397;2023-09-24;12.0;91;Não;19752;66;Rota D;287.67;6.56;488.72;True;False
487;2023-05-26;314.0;62;Sim;11176;1660;Rota B;135.06;6.93;937.89;False;False
402;2023-05-12;;62;Não;6266;305;Rota A;345.45;14.44;125.23;False;False
318;2023-03-15;144.0;497;Não;8446;1485;Rota D;320.2;11.69;344.46;False;False
464;2023-10-13;442.0;251;Não;6521;248;Rota B;50.02;14.33;226.03;False;False
359;2023-07-15;132.0;590;Não;12961;1715;Rota A;387.38;5.79;634.88;False;False
387;2023-08-15;375.0;874;Não;7889;1872;Rota D;54.19;9.27;384.41;False;False
365;2023-05-13;485.0;158;Não;10477;1823;Rota A;317.99;13.36;395.75;False;False
494;2023-12-13;;347;Não;16628;1672;Rota B;348.35;5.65;489.53;False;False
127;2023-04-11;424.0;51;Sim;19993;873;Rota B;300.67;3.43;271.44;False;True
299;2023-05-15;470.0;516;Sim;11435;871;Rota A;192.9;4.68;945.72;False;True
161;2023-02-02;158.0;708;Não;8067;1695;Rota A;306.82;4.71;926.88;False;False
441;2023-03-23;438.0;902;Não;7425;1945;Rota D;280.77;13.6;109.72;False;True
453;2023-04-30;68.0;745;Não;7132;1042;Rota D;301.65;11.95;531.36;False;True
144;2023-09-03;57.0;809;Sim;5453;860;Rota B;406.78;8.69;216.89;False;False
390;2023-10-21;204.0;259;Não;11932;833;Rota D;414.73;8.65;995.76;False;False
188;2023-04-30;376.0;679;Não;8846;441;Rota B;380.8;3.26;744.11;False;False
133;2023-10-11;80.0;492;Sim;10000;346;Rota A;246.33;5.64;948.74;False;False
233;2023-02-21;302.0;100;Não;18117;1139;Rota B;183.99;3.91;863.38;False;False
332;2023-03-20;91.0;411;Sim;5748;414;Rota C;440.36;6.85;661.21;True;False
355;2023-03-28;;653;Não;9167;405;Rota A;439.61;8.97;956.08;False;False
136;2023-04-06;226.0;300;Não;7426;884;Rota D;408.68;3.35;460.6;False;False
356;2023-01-09;12.0;256;Não;7822;843;Rota B;443.33;12.46;428.19;False;False
390;2023-11-09;134.0;842;Não;19557;1315;Rota C;203.68;7.65;194.56;False;False
297;2023-10-13;415.0;733;Não;16717;1661;Rota A;271.88;3.96;803.59;False;False
482;2023-06-06;187.0;846;Não;5932;1206;Rota D;289.25;9.72;929.87;False;False
354;2023-07-06;69.0;128;Sim;13861;832;Rota A;361.78;1.46;753.2;False;False
180;2023-04-22;316.0;256;Não;17391;761;Rota B;393.26;7.41;336.77;False;False
236;2023-05-25;33.0;96;Não;8603;575;Rota C;285.47;1.9;554.94;False;False
289;2023-03-01;294.0;884;Não;14622;728;Rota B;452.34;10.83;355.85;False;False
229;2023-09-05;172.0;779;Não;11211;174;Rota B;120.08;8.51;227.9;False;False
309;2023-01-08;126.0;29;Sim;19471;608;Rota C;210.25;9.6;675.69;False;False
468;2023-10-16;317.0;389;Não;8640;168;Rota B;38.07;2.17;738.14;False;False
391;2023-08-01;46.0;69;Não;9189;1594;Rota D;491.14;4.16;669.79;False;False
476;2023-08-24;286.0;697;Sim;17500;324;Rota A;402.65;6.85;79.15;False;False
447;2023-03-17;251.0;286;Não;19994;1437;Rota D;70.53;;920.14;False;False
268;2023-08-10;156.0;786;Não;18718;1075;Rota C;173.63;8.34;394.12;False;False
472;2023-02-10;232.0;618;Não;15390;1078;Rota D;271.82;6.97;4145.53;False;False
392;2023-01-01;284.0;16;Não;6493;56;Rota B;155.33;5.7;824.63;False;False
276;2023-08-01;30.0;887;Não;10678;1874;Rota B;67.77;4.24;577.69;True;False
125;2023-04-20;127.0;337;Não;19631;1588;Rota B;303.37;1.66;856.84;False;False
423;2023-04-03;73.0;203;Não;7616;1125;Rota D;119.58;4.34;436.44;False;False
459;2023-07-25;76.0;9;Sim;19498;1511;Rota A;320.13;5.01;387.47;False;False
391;2023-06-15;;905;Não;6596;66;Rota D;348.52;12.03;628.41;False;False
214;2023-03-03;207.0;730;Sim;12778;883;Rota A;408.91;12.21;374.44;False;False
386;2023-04-14;39.0;76;Não;6023;545;Rota C;228.83;6.28;242.07;True;True
129;2023-03-10;268.0;704;Sim;18776;985;Rota C;352.17;1.35;334.95;False;False
341;2023-07-05;459.0;231;Não;18197;923;Rota A;27.22;7.6;395.99;False;False
389;2023-05-13;247.0;924;Sim;17828;877;Rota C;319.16;13.58;461.0;True;False
246;2023-04-16;346.0;758;Sim;12416;1494;Rota D;222.93;11.21;360.37;False;True
373;2023-02-06;33.0;845;Não;15811;1834;Rota D;406.44;2.07;214.06;False;False
321;2023-12-03;179.0;855;Não;5013;1905;Rota A;494.07;10.51;643.35;False;True
440;2023-06-15;41.0;954;Não;14633;1030;Rota A;153.29;9.27;618.78;False;False
102;2023-08-11;199.0;633;Não;14850;949;Rota D;448.28;12.89;221.04;False;False
169;2023-10-19;287.0;432;Não;7714;1629;Rota D;61.94;7.61;390.04;False;False
457;2023-05-09;151.0;411;Não;7125;32;Rota B;231.67;4.41;720.53;False;False
496;2023-02-19;124.0;875;Não;18437;1895;Rota C;350.69;13.0;831.32;False;False
144;2023-07-05;76.0;153;Não;12754;1431;Rota B;432.93;11.71;422.1;False;False
473;2023-09-23;292.0;980;Não;16770;165;Rota A;118.39;10.21;533.1;True;False
353;2023-02-20;469.0;111;Não;7647;1674;Rota C;251.39;1.39;426.9;False;False
422;2023-08-14;453.0;588;Sim;15453;1929;Rota B;488.2;6.72;937.79;False;False
211;2023-06-26;64.0;536;Sim;6627;321;Rota D;371.26;2.95;892.83;True;True
191;2023-01-13;261.0;773;Não;16757;832;Rota A;203.06;7.46;958.64;False;False
441;2023-07-18;178.0;34;Não;5567;515;Rota D;253.8;13.65;331.79;False;False
139;2023-05-05;373.0;76;Sim;15748;665;Rota A;460.63;3.51;258.16;False;False
250;2023-04-10;158.0;187;Não;7133;189;Rota D;248.53;6.78;976.48;False;True
245;2023-12-25;192.0;555;Não;7534;1640;Rota D;38.46;5.64;670.64;True;False
298;2023-02-06;318.0;975;Sim;17754;716;Rota D;110.3;1.43;299.0;False;False
374;2023-10-14;;827;Não;17891;195;Rota B;11.84;3.28;66.12;False;False
448;2023-04-25;112.0;277;Sim;10885;1762;Rota D;245.31;7.13;476.26;False;False
143;2023-05-28;212.0;484;Sim;17762;219;Rota B;486.97;;970.48;False;False
183;2023-02-05;1071.0;497;Não;18591;1073;Rota B;403.21;4.6;262.24;False;False
397;2023-09-28;91.0;510;Não;8271;513;Rota C;30.23;9.64;446.36;False;False
193;2023-01-30;27.0;364;Não;7957;776;Rota D;466.12;6.52;418.63;False;False
274;2023-03-02;;524;Não;18076;102;Rota C;64.55;9.04;574.17;False;False
301;2023-12-04;435.0;880;Não;12646;97;Rota B;21.27;7.23;628.3;False;False
445;2023-11-20;224.0;98;Não;19282;363;Rota B;113.68;11.45;768.41;False;False
429;2023-10-13;351.0;645;Não;9515;95;Rota A;255.08;5.97;910.16;False;False
128;2023-06-05;274.0;788;Não;15949;669;Rota C;48.1;14.4;486.51;False;False
309;2023-05-12;200.0;636;Não;6430;1584;Rota B;392.86;8.1;973.58;True;False
205;2023-02-03;313.0;671;Sim;17306;1212;Rota C;18.57;3.48;647.95;False;False
484;2023-09-03;292.0;866;Não;18184;1788;Rota C;116.9;10.31;58.49;True;False
163;2023-08-17;;279;Não;19828;365;Rota C;303.22;6.45;645.11;False;False
116;2023-02-26;221.0;531;Sim;18485;205;Rota A;211.18;1.73;351.48;True;False
206;2023-10-05;304.0;597;Sim;10250;1998;Rota D;235.6;5.47;642.73;True;False
264;2023-06-17;49.0;815;Não;8221;1692;Rota B;338.29;12.88;496.78;False;False
194;2023-08-23;376.0;774;Não;15002;1104;Rota B;186.22;7.77;899.31;False;False
124;2023-11-27;456.0;68;Não;19672;1763;Rota D;127.92;6.69;4173.47;False;False
216;2023-01-30;118.0;201;Sim;13803;88;Rota B;459.93;13.77;334.25;False;False
291;2023-08-30;68.0;536;Não;9095;301;Rota A;179.14;9.8;84.38;False;False
295;2023-02-28;124.0;943;Não;19092;1414;Rota A;244.23;5.9;75.03;False;False
407;2023-10-08;200.0;928;Não;8912;274;Rota D;411.78;8.77;887.4;False;True
236;2023-04-25;319.0;970;Não;12548;1336;Rota D;320.07;6.93;582.53;False;False
447;2023-09-30;457.0;730;Não;13154;673;Rota D;314.01;5.51;467.76;False;False
193;2023-12-23;294.0;475;Não;15940;520;Rota A;323.02;9.48;769.11;False;False
479;2023-05-04;6.0;272;Sim;9195;846;Rota B;407.08;14.73;725.37;False;False
338;2023-01-14;98.0;738;Não;16145;1170;Rota C;267.67;;876.83;False;False
187;2023-09-15;56.0;150;Não;7079;489;Rota A;47.17;1.72;882.83;False;False
260;2023-09-09;477.0;125;Não;16500;699;Rota C;336.1;6.03;430.37;False;False
247;2023-09-16;431.0;28;Não;14265;1575;Rota A;90.85;4.12;618.75;False;False
172;2023-11-19;39.0;284;Sim;8391;1688;Rota A;416.07;5.77;928.4;False;False
187;2023-05-28;50.0;625;Não;12275;1932;Rota D;86.71;8.1;89.73;False;False
113;2023-09-08;265.0;974;Sim;12983;1545;Rota A;478.66;2.02;125.07;False;False
414;2023-06-08;123.0;869;Sim;7944;1520;Rota B;358.07;2.29;688.38;False;False
181;2023-02-09;194.0;601;Não;14084;1377;Rota A;139.06;8.87;706.96;False;False
220;2023-03-19;323.0;133;Não;15038;255;Rota B;111.66;13.17;327.04;False;False
472;2023-10-10;;578;Não;9052;433;Rota A;440.35;7.52;549.26;False;False
420;2023-05-21;17.0;419;Não;9828;1377;Rota A;122.99;3.6;50.81;False;False
303;2023-08-30;190.0;715;Não;7854;562;Rota C;211.81;13.99;317.61;False;False
320;2023-09-15;195.0;947;Sim;11180;728;Rota A;235.56;10.03;621.28;False;False
381;2023-09-24;268.0;589;Não;8105;1423;Rota A;70.94;9.86;407.93;False;False
388;2023-12-29;416.0;995;Não;11243;1262;Rota C;370.38;12.16;515.22;False;False
370;2023-10-16;395.0;696;Sim;19966;1191;Rota A;62.76;;936.8;False;False
384;2023-10-12;21.0;479;Não;9478;326;Rota D;428.63;13.57;103.15;False;False
376;2023-07-06;101.0;478;Não;13730;829;Rota B;270.56;5.23;532.19;False;False
424;2023-07-14;271.0;261;Sim;6838;401;Rota D;312.18;14.11;602.9;False;False
122;2023-08-09;121.0;29;Não;15258;1928;Rota A;416.14;;678.23;False;False
327;2023-03-07;53.0;91;Sim;7776;111;Rota B;174.76;3.25;758.48;False;False
478;2023-07-25;;949;Não;5344;1473;Rota A;482.92;4.96;190.22;False;True
183;2023-12-06;158.0;449;Não;12630;647;Rota B;309.78;5.08;926.85;True;False
235;2023-02-17;390.0;317;Não;14436;276;Rota A;70.88;7.62;443.21;False;False
161;2023-03-23;271.0;488;Não;5498;680;Rota C;151.01;2.55;514.52;False;False
241;2023-07-19;115.0;154;Não;15793;1096;Rota A;253.17;13.51;678.84;False;False
105;2023-11-06;239.0;284;Sim;10395;1396;Rota B;345.53;14.4;554.01;False;False
356;2023-07-18;464.0;999;Não;14986;1152;Rota A;109.06;2.8;451.23;False;False
236;2023-05-18;308.0;423;Não;9394;887;Rota A;219.21;9.91;689.04;False;False
307;2023-01-16;33.0;609;Sim;17849;1577;Rota A;62.76;9.87;687.01;True;False
239;2023-10-02;408.0;105;Não;8322;898;Rota D;98.47;5.04;261.52;False;False
104;2023-06-07;250.0;687;Não;8741;1056;Rota B;381.48;13.59;454.51;False;False
448;2023-07-01;;109;Sim;18077;470;Rota B;308.59;10.17;68.34;False;False
382;2023-02-12;263.0;928;Não;11006;380;Rota A;231.6;4.55;484.58;False;False
174;2023-05-11;202.0;377;Não;6745;522;Rota A;13.5;9.28;896.27;True;False
408;2023-10-13;121.0;260;Sim;9599;904;Rota A;42.4;5.14;659.52;False;False
319;2023-02-05;66.0;438;Sim;16097;1045;Rota C;384.15;3.21;898.47;False;False
407;2023-10-03;76.0;384;Não;13270;1655;Rota C;55.98;5.87;56.91;True;False
327;2023-01-24;344.0;267;Não;11009;569;Rota D;387.81;8.54;785.39;False;False
461;2023-05-21;199.0;179;Não;17374;557;Rota A;364.84;10.08;796.9;True;False
374;2023-12-22;297.0;611;Sim;10327;323;Rota A;261.73;12.68;423.37;False;False
473;2023-07-04;189.0;964;Não;9850;197;Rota D;185.85;10.41;396.33;False;False
390;2023-07-14;37.0;794;Não;13658;283;Rota D;451.11;5.18;922.67;False;False
151;2023-10-04;397.0;527;Sim;13191;218;Rota A;96.53;5.65;562.32;False;False
258;2023-05-12;420.0;497;Sim;9491;1420;Rota A;428.96;8.78;482.58;False;False
414;2023-03-23;63.0;732;Não;13472;1344;Rota C;384.1;12.81;367.2;False;False
411;2023-02-08;454.0;874;Não;13005;3;Rota B;337.19;8.32;663.36;False;False
374;2023-02-12;319.0;912;Não;15475;957;Rota B;471.76;11.65;795.73;False;False
443;2023-02-07;443.0;884;Sim;19854;1451;Rota B;498.1;8.99;911.46;False;False
426;2023-12-29;77.0;70;Sim;11717;1632;Rota D;396.73;10.03;109.88;False;False
153;2023-02-10;;760;Não;15281;552;Rota A;122.1;12.99;782.13;False;False
404;2023-10-11;385.0;95;Não;6212;1044;Rota D;345.63;7.15;774.85;False;False
194;2023-05-13;2.0;2;Não;10227;1806;Rota D;206.19;10.77;603.14;True;False
159;2023-06-15;213.0;508;Sim;14903;1560;Rota C;69.95;12.68;272.54;False;False
436;2023-10-19;206.0;273;Não;14612;835;Rota B;425.9;10.08;701.72;False;False
254;2023-01-31;91.0;242;Não;6676;1312;Rota D;174.02;1.87;403.75;False;False
224;2023-09-21;113.0;833;Não;17589;1353;Rota C;482.58;7.8;332.75;False;False
263;2023-03-30;;160;Não;13741;1350;Rota A;407.45;9.34;398.33;False;False
158;2023-08-28;150.0;225;Não;7386;67;Rota A;402.03;5.05;417.73;False;False
206;2023-05-28;79.0;422;Sim;11601;1850;Rota D;415.19;;727.12;False;False
301;2023-11-30;270.0;580;Sim;19536;1436;Rota B;209.98;13.66;861.06;False;False
400;2023-11-09;489.0;862;Não;19645;1539;Rota D;50.28;9.46;366.86;False;False
369;2023-03-02;68.0;260;Sim;9648;463;Rota A;497.57;;179.12;False;True
477;2023-01-25;;335;Não;17168;1248;Rota B;482.43;8.23;607.88;False;False
426;2023-06-10;402.0;127;Não;12424;1446;Rota C;239.17;5.01;513.32;False;False
138;2023-12-31;262.0;277;Não;19624;620;Rota A;415.96;8.52;590.83;False;False
267;2023-10-23;27.0;889;Sim;8468;1884;Rota B;243.91;;218.57;False;False
236;2023-04-15;192.0;371;Não;16508;1013;Rota B;463.81;2.69;463.19;True;False
113;2023-04-27;412.0;102;Não;8092;754;Rota D;206.03;1.48;808.96;False;False
491;2023-01-17;492.0;778;Não;6273;1733;Rota A;440.54;14.95;365.22;False;False
308;2023-08-07;238.0;272;Não;8067;1;Rota D;16.34;3.46;484.85;False;False
122;2023-07-28;426.0;2;Sim;8573;1169;Rota D;177.24;;216.35;False;False
435;2023-10-30;14.0;814;Não;11514;190;Rota C;312.07;4.8;868.14;False;False
364;2023-08-13;302.0;701;Não;11927;431;Rota C;428.87;9.04;569.76;False;False
327;2023-04-05;433.0;174;Não;9887;264;Rota C;53.46;5.74;357.15;False;False
362;2023-12-07;57.0;110;Sim;5446;1353;Rota D;46.59;3.66;237.4;True;False
309;2023-10-07;59.0;288;Sim;11198;436;Rota A;396.06;;526.33;False;False
160;2023-05-24;18.0;231;Não;13145;1933;Rota D;287.39;12.05;75.5;False;False
156;2023-06-22;215.0;919;Não;8415;880;Rota A;74.64;11.78;556.67;True;False
470;2023-03-25;352.0;701;Sim;18321;553;Rota C;243.92;11.11;682.88;False;False
337;2023-04-30;474.0;385;Não;19957;24;Rota A;110.27;13.42;141.26;False;False
251;2023-02-25;221.0;292;Não;14698;575;Rota D;378.18;4.42;336.01;False;False
380;2023-12-21;206.0;857;Sim;5480;1988;Rota C;409.65;6.35;771.85;False;False
104;2023-10-29;392.0;264;Sim;6606;1095;Rota B;225.91;3.72;463.68;False;False
200;2023-12-04;283.0;559;Não;18303;1093;Rota D;484.25;5.56;632.38;False;False
405;2023-08-04;274.0;859;Não;16739;1639;Rota B;321.34;4.17;904.85;True;False
443;2023-03-19;197.0;0;Não;12843;660;Rota C;137.23;1.55;261.03;False;False
130;2023-12-17;44.0;163;Não;17198;1859;Rota D;42.31;14.0;498.62;False;False
154;2023-08-20;432.0;26;Não;19657;1473;Rota A;351.68;11.83;291.07;False;True
253;2023-08-14;223.0;190;Não;17577;1225;Rota C;299.1;5.31;117.4;False;True
376;2023-10-12;126.0;879;Não;19949;346;Rota D;178.15;10.05;997.1;False;False
453;2023-09-02;349.0;948;Sim;8425;1857;Rota A;371.87;1.04;548.06;False;False
457;2023-03-07;;662;Não;5929;168;Rota B;28.98;11.67;904.61;False;False
285;2023-03-10;187.0;671;Não;13323;368;Rota B;427.62;8.43;537.62;False;False
129;2023-08-02;284.0;641;Não;9950;358;Rota A;103.42;2.81;805.15;False;False
471;2023-09-10;7.0;861;Não;13549;942;Rota C;26.23;6.41;273.8;False;False
409;2023-02-18;392.0;259;Sim;12290;405;Rota A;447.04;2.52;487.05;False;False
219;2023-04-10;;259;Não;9786;1356;Rota C;312.78;8.6;448.38;False;False
442;2023-03-11;;354;Não;13097;70;Rota C;70.97;4.94;83.54;False;False
107;2023-04-10;27.0;116;Sim;17803;416;Rota B;317.52;10.58;832.68;False;False
205;2023-03-13;124.0;164;Sim;13525;426;Rota D;445.63;13.98;88.91;False;True
237;2023-01-02;204.0;426;Sim;18730;1876;Rota C;296.68;1.59;260.06;False;True
282;2023-05-10;294.0;366;Não;14039;1740;Rota B;378.02;5.67;661.38;True;False
484;2023-07-19;94.0;20;Sim;7987;1366;Rota B;448.87;;130.35;False;False
439;2023-06-03;434.0;233;Sim;17769;1044;Rota A;458.89;;433.63;False;False
476;2023-04-11;21.0;133;Sim;8102;109;Rota D;79.83;3.54;937.89;False;False
309;2023-03-19;478.0;728;Não;17188;1953;Rota D;379.8;3.95;596.28;False;False
248;2023-04-19;376.0;83;Não;15889;1952;Rota D;430.53;3.09;543.83;False;False
473;2023-06-28;441.0;694;Sim;17043;777;Rota D;491.72;3.63;170.71;False;False
359;2023-04-07;446.0;741;Sim;8225;1211;Rota D;433.35;4.84;355.92;False;False
226;2023-02-13;440.0;259;Não;14968;612;Rota B;344.63;14.9;714.81;False;False
398;2023-10-03;221.0;851;Sim;6276;1155;Rota D;144.56;1.58;218.75;False;False
165;2023-12-21;152.0;151;Não;15553;745;Rota B;162.61;4.75;525.43;False;False
120;2023-10-29;186.0;48;Não;17873;1599;Rota D;397.19;6.9;514.85;False;False
392;2023-04-11;138.0;862;Sim;6532;62;Rota D;213.04;14.08;231.85;False;False
424;2023-12-03;129.0;670;Sim;14534;392;Rota B;426.4;4.81;487.83;False;False
212;2023-04-23;103.0;217;Sim;7144;284;Rota D;240.74;5.86;50.59;False;False
238;2023-08-23;404.0;903;Não;19229;1267;Rota C;336.2;8.13;123.26;False;False
337;2023-01-09;456.0;938;Não;5996;1037;Rota A;478.25;1.93;502.42;False;False
460;2023-07-31;51.0;652;Sim;13395;1495;Rota C;114.02;2.26;876.73;True;False
447;2023-03-06;39.0;516;Sim;6699;1863;Rota B;151.36;3.6;69.01;False;False
143;2023-04-07;452.0;240;Sim;18496;382;Rota D;230.46;4.67;800.93;False;False
163;2023-12-30;;923;Não;12033;1535;Rota C;395.17;8.26;325.49;False;False
365;2023-12-08;415.0;204;Não;6452;627;Rota D;411.83;8.49;930.0;False;False
191;2023-10-08;38.0;623;Não;10826;396;Rota B;411.11;11.68;932.58;False;False
211;2023-01-03;441.0;714;Sim;7144;1922;Rota A;170.63;7.31;265.34;False;False
439;2023-04-19;383.0;764;Não;19428;1764;Rota B;1024.19;10.86;124.44;False;False
432;2023-07-23;490.0;427;Sim;18924;109;Rota D;82.88;10.91;474.07;True;False
374;2023-09-01;134.0;693;Não;15826;589;Rota B;86.17;14.47;253.95;False;False
469;2023-10-12;60.0;238;Não;19691;1303;Rota B;338.83;5.62;94.09;False;False
430;2023-12-18;465.0;650;Não;19621;894;Rota D;283.56;;632.25;False;False
326;2023-03-07;475.0;755;Não;10309;231;Rota C;98.7;10.74;366.98;False;False
325;2023-07-30;;43;Sim;8563;1211;Rota B;230.9;6.23;527.07;False;False
231;2023-01-22;288.0;774;Não;9137;1273;Rota B;259.13;12.6;402.66;False;False
496;2023-04-22;455.0;711;Não;11103;118;Rota D;391.19;2.26;872.59;True;False
328;2023-07-17;346.0;512;Não;10029;201;Rota B;295.46;10.72;762.39;False;False
414;2023-10-17;204.0;563;Sim;13895;231;Rota B;194.82;3.18;765.56;False;False
485;2023-04-17;146.0;674;Não;10277;1918;Rota B;475.21;8.71;283.81;True;False
469;2023-05-11;32.0;864;Não;11397;1871;Rota B;256.26;8.09;146.9;False;False
228;2023-01-28;160.0;23;Sim;8107;11;Rota C;432.16;10.49;164.7;False;False
395;2023-08-21;85.0;448;Sim;12914;9;Rota D;226.42;8.86;562.14;False;False
124;2023-05-28;91.0;711;Sim;7256;1854;Rota A;17.33;8.59;820.63;False;False
286;2023-11-24;40.0;926;Não;7132;577;Rota A;305.05;8.16;894.61;False;False
392;2023-10-13;246.0;786;Não;9739;218;Rota A;403.19;11.9;359.75;False;False
455;2023-08-14;179.0;800;Não;11495;1419;Rota A;149.09;4.76;481.98;False;False
425;2023-11-01;75.0;2;Não;16501;863;Rota C;356.11;3.25;90.87;False;False
234;2023-12-03;295.0;678;Sim;18412;1840;Rota B;237.1;1.18;141.11;False;False
103;2023-07-04;69.0;268;Sim;16208;1338;Rota B;183.48;2.85;590.94;False;False
326;2023-11-16;380.0;576;Não;16608;75;Rota C;39.46;10.03;820.25;False;False
477;2023-11-04;40.0;894;Não;5702;129;Rota D;184.28;11.09;538.09;False;False
268;2023-09-08;128.0;764;Sim;12001;1145;Rota A;406.3;9.81;664.71;False;False
384;2023-03-03;208.0;72;Não;10413;1992;Rota C;399.93;1.96;756.1;False;True
424;2023-04-17;14.0;771;Sim;10834;921;Rota C;422.73;11.82;838.77;False;False
126;2023-10-01;164.0;397;Sim;6248;286;Rota D;401.46;8.23;523.2;False;False
324;2023-02-15;487.0;894;Não;17995;1441;Rota D;385.69;4.36;319.0;False;False
348;2023-03-04;380.0;986;Não;16903;1260;Rota A;418.46;9.21;176.17;False;False
465;2023-01-23;396.0;131;Não;7751;1111;Rota C;411.62;6.82;718.98;False;True
301;2023-08-14;360.0;230;Não;14941;788;Rota B;118.28;10.76;778.77;True;False
297;2023-04-13;332.0;454;Não;18288;817;Rota C;356.56;7.94;358.72;False;False
235;2023-05-18;497.0;646;Não;17877;904;Rota A;498.26;1.5;432.38;False;False
225;2023-09-19;311.0;404;Não;17384;320;Rota A;81.1;10.02;704.33;False;False
194;2023-11-29;421.0;826;Não;8690;1954;Rota A;370.36;10.96;902.56;False;False
172;2023-03-03;83.0;2;Não;16269;1694;Rota D;461.86;10.06;647.45;True;False
346;2023-06-20;204.0;981;Não;19613;1894;Rota C;329.35;13.81;899.88;False;False
440;2023-09-05;180.0;175;Não;6192;1492;Rota D;177.58;5.66;888.86;False;False
235;2023-11-12;163.0;511;Não;6165;165;Rota A;339.34;4.19;749.06;False;False
295;2023-10-01;443.0;692;Não;17315;1814;Rota B;464.61;8.14;606.74;False;False
313;2023-07-16;81.0;570;Não;17834;573;Rota A;468.32;12.3;282.29;False;False
208;2023-11-13;29.0;110;Sim;18696;298;Rota B;434.48;10.62;119.37;False;False
423;2023-06-03;394.0;594;Não;6591;1328;Rota C;282.69;6.95;348.88;False;False
202;2023-05-23;358.0;254;Não;13953;105;Rota A;290.2;3.35;865.54;True;False
440;2023-11-14;9.0;592;Não;16308;20;Rota A;480.14;3.37;660.8;False;False
427;2023-07-01;146.0;313;Não;18031;1963;Rota B;334.54;7.11;468.1;True;False
183;2023-03-23;241.0;683;Não;6200;1415;Rota C;19.91;13.56;758.31;True;False
323;2023-01-30;;289;Não;13559;705;Rota B;145.74;6.95;686.8;False;False
356;2023-07-18;;490;Não;18619;1144;Rota C;201.35;14.09;806.68;False;False
233;2023-01-29;154.0;69;Não;9923;429;Rota B;248.53;7.56;930.66;False;False
447;2023-07-22;351.0;221;Não;13721;542;Rota B;158.8;1.51;458.84;False;False
207;2023-05-14;124.0;79;Não;13544;1676;Rota D;115.07;4.66;874.86;False;False
107;2023-12-07;102.0;89;Não;6528;1477;Rota A;358.19;1.17;53.41;False;False
249;2023-06-28;188.0;493;Sim;8808;1848;Rota B;92.89;3.78;723.69;False;False
492;2023-03-28;380.0;280;Não;6803;149;Rota C;54.64;7.45;414.87;False;False
271;2023-07-01;1074.0;356;Não;6450;197;Rota B;210.92;7.65;602.78;False;False
146;2023-09-24;60.0;700;Sim;9806;1040;Rota C;407.16;14.87;516.44;True;False
100;2023-02-13;1671.0;889;Não;8282;1579;Rota B;382.53;2.95;612.78;True;False
460;2023-11-12;275.0;832;Sim;5801;1406;Rota D;125.83;9.22;628.76;False;False
279;2023-05-23;13.0;445;Não;8123;535;Rota D;140.78;2.57;315.64;False;False
138;2023-05-01;386.0;77;Não;19772;1192;Rota D;493.7;5.94;313.78;False;False
189;2023-02-26;284.0;524;Sim;5081;1445;Rota A;46.4;;171.16;False;False
174;2023-12-27;11.0;710;Sim;13118;1391;Rota B;48.54;8.98;594.49;False;False
326;2023-05-24;452.0;113;Sim;19602;1968;Rota C;54.42;5.63;106.31;False;False
223;2023-04-30;446.0;561;Sim;12372;807;Rota D;168.65;10.4;961.02;False;False
443;2023-11-05;273.0;131;Não;5041;1640;Rota C;384.28;10.58;346.02;False;False
196;2023-10-16;284.0;928;Sim;8537;806;Rota A;446.44;4.02;220.55;False;False
439;2023-03-29;125.0;115;Não;11047;1451;Rota C;466.88;6.52;453.21;True;False
382;2023-01-30;263.0;689;Sim;9355;1018;Rota D;133.68;6.67;711.02;False;False
306;2023-02-21;1.0;739;Não;5744;1712;Rota D;235.49;13.33;109.69;False;False
132;2023-09-18;8.0;397;Sim;18538;896;Rota A;55.82;10.11;239.65;False;False
215;2023-07-12;;75;Não;12594;137;Rota B;282.55;10.8;696.16;False;False
453;2023-06-04;68.0;17;Não;15078;764;Rota C;13.2;3.44;866.83;False;False
415;2023-12-11;316.0;68;Não;15886;1935;Rota A;235.22;14.82;394.05;False;False
413;2023-10-01;1817.0;471;Não;5004;1460;Rota B;490.4;5.33;218.63;False;False
278;2023-11-09;373.0;303;Não;9740;1772;Rota B;78.81;8.11;439.44;False;False
273;2023-06-10;421.0;330;Sim;13767;1077;Rota A;113.27;2.53;221.2;False;False
333;2023-08-30;429.0;422;Não;9844;766;Rota A;146.05;4.46;972.86;False;False
232;2023-12-04;214.0;628;Não;12616;388;Rota B;434.73;3.35;413.2;False;False
193;2023-03-14;114.0;245;Não;9083;1692;Rota B;446.1;11.93;573.57;False;False
447;2023-03-15;247.0;870;Não;18795;1521;Rota A;473.19;13.97;249.12;False;False
294;2023-08-17;201.0;432;Não;10462;1059;Rota A;131.72;10.48;912.59;False;False
285;2023-12-17;112.0;548;Sim;11110;1556;Rota B;232.21;12.11;537.01;False;False
475;2023-11-26;167.0;477;Sim;18799;1286;Rota D;197.18;3.3;609.83;False;False
264;2023-12-31;427.0;793;Não;9886;1577;Rota B;301.97;7.16;893.31;False;False
461;2023-06-26;482.0;547;Não;7135;927;Rota C;155.02;2.44;207.99;False;False
290;2023-08-16;165.0;455;Sim;18617;1241;Rota C;416.22;13.94;201.32;False;False
104;2023-09-28;69.0;960;Sim;16034;848;Rota A;454.01;10.61;118.29;False;False
305;2023-03-03;92.0;832;Não;19454;964;Rota D;450.99;2.41;937.64;False;False
465;2023-12-10;270.0;8;Não;19136;238;Rota A;138.96;11.33;421.06;False;False
443;2023-11-09;142.0;963;Não;10259;1421;Rota D;247.4;5.25;331.04;False;False
326;2023-06-21;426.0;774;Não;12042;1953;Rota B;273.55;13.89;293.71;False;False
173;2023-04-08;329.0;101;Não;6036;1169;Rota D;485.26;1.89;873.19;False;False
318;2023-06-28;135.0;391;Não;19288;111;Rota B;224.58;5.36;981.55;False;False
126;2023-10-30;351.0;947;Sim;9098;1601;Rota A;44.21;12.94;682.36;False;False
474;2023-04-19;141.0;461;Não;11235;601;Rota A;325.27;2.45;810.79;False;False
122;2023-11-25;99.0;82;Sim;9812;1583;Rota A;95.49;4.83;651.55;False;False
307;2023-05-01;388.0;376;Não;17405;342;Rota A;188.94;3.45;458.78;False;False
454;2023-01-03;233.0;529;Não;11265;554;Rota B;263.86;13.5;745.17;False;False
190;2023-10-01;17.0;771;Não;15873;150;Rota D;481.76;7.72;875.19;False;True
151;2023-05-24;262.0;126;Não;6769;1859;Rota C;88.23;12.98;603.8;False;False
402;2023-07-15;41.0;264;Não;16904;1171;Rota C;427.42;;743.02;False;False
308;2023-12-08;440.0;47;Não;6341;814;Rota A;19.2;10.37;743.48;False;False
161;2023-08-31;414.0;555;Não;9607;1309;Rota A;33.47;2.41;110.85;False;False
403;2023-04-04;182.0;701;Sim;8685;758;Rota C;244.94;7.03;682.07;False;True
204;2023-12-24;279.0;771;Não;15642;1348;Rota B;290.46;;695.85;False;False
228;2023-05-01;358.0;300;Sim;18587;1492;Rota B;102.61;4.8;564.32;False;False
494;2023-05-31;24.0;75;Sim;19060;365;Rota D;100.67;2.67;337.22;True;False
497;2023-07-30;252.0;305;Não;7715;926;Rota D;362.66;6.44;325.87;False;False
427;2023-01-08;379.0;50;Não;17553;1708;Rota A;161.13;3.42;621.62;False;False
194;2023-11-08;;138;Sim;17912;1487;Rota A;358.03;10.56;850.19;False;False
106;2023-06-27;236.0;171;Não;12590;929;Rota C;263.57;8.24;302.27;False;False
273;2023-01-27;188.0;719;Não;17154;1796;Rota D;189.8;7.42;775.64;False;False
345;2023-09-06;35.0;987;Não;5780;933;Rota A;32.43;13.24;524.57;False;False
115;2023-05-13;455.0;102;Sim;17015;52;Rota C;486.53;3.59;389.74;False;False
269;2023-04-20;391.0;574;Não;8302;1344;Rota B;196.21;10.79;772.35;False;False
266;2023-03-31;345.0;483;Não;14713;1553;Rota D;396.92;3.59;528.48;True;False
409;2023-01-27;77.0;338;Não;5102;657;Rota A;174.98;9.8;953.67;False;False
182;2023-07-08;18.0;765;Não;9165;1447;Rota D;449.91;;560.96;True;False
491;2023-09-01;96.0;318;Não;9438;616;Rota D;45.34;1.48;260.81;False;False
320;2023-04-22;49.0;373;Sim;13254;1298;Rota C;147.88;6.8;186.09;True;False
421;2023-03-25;294.0;419;Não;16276;1413;Rota A;267.84;14.9;122.42;False;False
269;2023-03-20;1.0;341;Sim;10698;1890;Rota D;310.36;3.06;472.59;False;False
422;2023-05-27;459.0;924;Sim;5059;1923;Rota D;325.29;11.55;655.15;True;False
214;2023-05-02;114.0;955;Não;19208;1338;Rota A;202.03;9.03;331.63;False;False
448;2023-04-07;1458.0;225;Não;9593;1536;Rota D;317.56;4.93;311.07;False;False
434;2023-12-14;5.0;89;Não;12192;631;Rota C;434.45;11.75;793.96;False;False
329;2023-10-20;96.0;458;Sim;9458;547;Rota D;420.66;5.14;981.51;False;False
319;2023-12-25;445.0;513;Não;16997;281;Rota A;133.62;3.36;530.43;False;False
346;2023-05-27;128.0;506;Não;6500;340;Rota C;30.38;3.72;958.44;False;False
200;2023-07-25;11.0;405;Não;18280;1629;Rota D;127.43;3.64;111.35;False;False
321;2023-02-21;286.0;921;Não;12300;449;Rota A;411.56;11.62;583.46;True;False
278;2023-02-19;354.0;650;Sim;17232;1934;Rota A;332.87;8.4;909.37;True;False
274;2023-02-01;362.0;632;Sim;14618;1580;Rota A;71.01;10.15;533.19;False;False
193;2023-05-27;241.0;425;Não;5813;742;Rota D;90.5;13.52;525.16;False;False
214;2023-09-26;14.0;13;Não;17764;260;Rota C;139.92;3.36;3527.05;False;False
261;2023-04-22;276.0;691;Não;5199;1734;Rota D;428.6;6.91;409.59;False;False
368;2023-08-20;42.0;322;Sim;13776;1681;Rota A;205.0;10.52;543.23;False;False
324;2023-12-21;205.0;210;Não;14814;221;Rota B;176.43;5.9;183.18;False;False
333;2023-11-24;1623.0;212;Sim;8946;445;Rota C;120.57;;741.39;False;False
436;2023-04-05;52.0;647;Não;9175;1848;Rota B;340.22;6.04;65.59;False;False
166;2023-10-29;108.0;808;Não;15111;1921;Rota B;484.34;;255.64;False;False
225;2023-07-28;145.0;312;Não;7324;272;Rota C;48.88;8.48;950.34;False;False
238;2023-03-07;243.0;341;Não;14776;1218;Rota C;256.34;1.22;481.21;False;False
212;2023-03-30;422.0;37;Sim;14685;590;Rota D;452.25;6.39;593.47;True;False
318;2023-09-30;15.0;430;Não;14815;1386;Rota B;141.11;10.6;757.31;False;False
255;2023-10-29;165.0;211;Não;17769;689;Rota D;176.13;4.7;188.13;False;False
284;2023-08-08;115.0;474;Não;19658;24;Rota D;251.79;11.17;993.35;True;True
220;2023-06-15;133.0;695;Sim;10680;837;Rota D;78.66;7.9;451.1;False;False
421;2023-07-24;499.0;390;Não;10850;1913;Rota C;403.85;5.03;50.02;False;True
297;2023-01-05;304.0;512;Sim;15379;405;Rota B;133.39;7.04;805.32;False;False
444;2023-06-24;385.0;392;Não;15392;1544;Rota A;38.82;1.92;125.28;False;False
390;2023-02-10;306.0;725;Não;7447;712;Rota C;335.73;7.74;497.46;False;False
103;2023-08-30;422.0;379;Não;12023;1313;Rota C;277.2;6.73;272.55;False;True
288;2023-12-01;255.0;239;Sim;14881;69;Rota B;465.52;7.46;207.41;False;False
338;2023-12-25;460.0;677;Sim;15111;1632;Rota B;393.49;2.43;257.2;False;False
265;2023-01-05;301.0;963;Sim;19213;256;Rota B;27.65;1.39;686.62;False;False
271;2023-08-03;70.0;686;Não;7582;811;Rota B;269.6;2.84;613.22;False;False
311;2023-09-29;361.0;744;Não;13502;371;Rota B;435.24;5.34;111.7;True;False
444;2023-01-30;495.0;425;Não;11963;262;Rota A;18.98;2.51;746.36;False;False
170;2023-06-20;273.0;860;Sim;10282;398;Rota D;193.0;11.74;564.91;False;False
248;2023-06-03;273.0;63;Sim;10277;1189;Rota D;418.21;;133.33;False;False
490;2023-07-23;267.0;57;Não;15380;1372;Rota C;132.17;9.16;440.02;False;False
384;2023-08-08;6.0;612;Não;11444;1488;Rota D;15.97;9.79;683.17;False;False
215;2023-01-23;408.0;551;Não;13060;309;Rota D;176.88;14.44;231.52;False;False
490;2023-04-21;432.0;705;Sim;12444;1053;Rota D;26.95;;695.18;False;False
422;2023-10-27;68.0;435;Sim;9415;861;Rota A;458.69;;302.74;False;False
192;2023-07-03;167.0;701;Sim;5942;1656;Rota A;427.86;11.18;776.05;False;False
202;2023-09-11;497.0;365;Não;17641;122;Rota D;216.74;8.76;78.67;False;False
457;2023-05-11;275.0;709;Não;17875;741;Rota B;209.83;8.16;629.94;False;False
479;2023-06-03;95.0;954;Não;5814;131;Rota D;489.92;1.42;972.87;False;False
297;2023-05-06;465.0;859;Sim;19686;1002;Rota B;249.74;5.17;217.06;False;False
209;2023-05-01;288.0;351;Não;6134;1098;Rota C;223.98;4.32;896.22;False;False
429;2023-05-09;427.0;936;Não;16000;1321;Rota B;206.23;5.09;626.7;False;False
200;2023-12-18;48.0;73;Não;14483;1447;Rota A;165.67;10.32;614.38;True;False
282;2023-07-04;278.0;693;Não;19175;96;Rota C;178.18;8.22;666.73;False;True
433;2023-04-21;482.0;888;Não;19114;416;Rota A;227.75;6.66;992.8;False;False
259;2023-07-18;56.0;519;Não;9245;1180;Rota A;462.53;10.14;133.86;False;True
181;2023-03-28;331.0;355;Não;11858;270;Rota A;1073.33;3.51;205.39;False;False
135;2023-07-10;109.0;943;Não;19427;1503;Rota D;383.76;4.31;632.06;False;False
337;2023-09-13;32.0;709;Não;17369;866;Rota A;394.05;7.74;819.81;False;False
343;2023-02-16;84.0;681;Não;14702;1854;Rota A;217.72;10.88;89.59;False;False
350;2023-09-09;67.0;796;Não;6849;1853;Rota A;295.58;2.53;893.71;False;False
492;2023-03-31;148.0;246;Sim;9486;1381;Rota D;449.49;12.84;198.43;False;False
354;2023-07-25;160.0;890;Sim;7955;1251;Rota D;172.13;11.6;581.39;False;False
381;2023-05-21;371.0;853;Não;9285;1859;Rota A;204.73;9.99;778.36;False;False
121;2023-11-15;276.0;779;Não;5368;909;Rota A;139.89;7.2;680.39;False;False
329;2023-10-21;296.0;515;Não;19301;1938;Rota C;32.02;12.4;774.55;False;False
253;2023-06-09;;274;Não;16725;337;Rota A;17.95;6.33;328.52;False;False
219;2023-11-12;62.0;931;Não;6902;1341;Rota B;143.49;;867.03;False;False
265;2023-12-06;98.0;46;Não;8731;1314;Rota D;471.18;3.77;294.63;False;False
483;2023-10-24;429.0;361;Não;5249;1634;Rota C;1049.27;13.78;727.71;False;False
485;2023-12-27;245.0;145;Sim;6031;339;Rota B;445.4;9.31;151.43;False;False
489;2023-03-31;237.0;111;Não;6337;1522;Rota A;67.88;4.37;936.69;False;False
298;2023-10-13;439.0;155;Não;5656;452;Rota C;340.59;4.25;317.27;False;False
496;2023-10-12;223.0;54;Não;7216;587;Rota C;171.0;7.72;171.58;False;False
446;2023-02-22;123.0;623;Não;19287;917;Rota D;447.32;8.84;169.34;False;False
174;2023-10-26;488.0;713;Sim;9286;131;Rota B;351.89;13.55;800.84;False;False
178;2023-05-19;191.0;403;Não;14738;113;Rota C;177.64;4.58;793.58;False;False
418;2023-08-01;205.0;199;Não;13489;34;Rota D;248.89;10.24;689.22;False;False
172;2023-10-01;401.0;583;Sim;13106;211;Rota B;124.97;11.17;979.02;False;False
299;2023-05-09;81.0;869;Não;11568;858;Rota D;24.75;13.35;972.9;False;False
401;2023-06-17;135.0;427;Sim;16165;1736;Rota D;41.72;13.25;739.27;True;False
233;2023-02-08;453.0;940;Não;16338;489;Rota C;407.77;9.0;848.83;False;False
147;2023-07-13;302.0;622;Não;14546;1486;Rota D;372.39;5.57;787.55;False;False
287;2023-02-18;469.0;686;Sim;16857;931;Rota C;336.32;5.05;123.38;False;False
270;2023-08-03;159.0;674;Não;10115;716;Rota A;457.44;10.63;649.81;False;True
238;2023-02-15;77.0;673;Sim;12011;1489;Rota A;133.67;12.17;443.24;False;False
342;2023-05-03;380.0;74;Não;15148;106;Rota A;18.85;6.76;514.71;False;False
413;2023-06-27;182.0;375;Não;18796;465;Rota A;458.2;;260.39;False;False
445;2023-01-23;418.0;837;Não;16325;1248;Rota B;493.42;2.33;2425.13;False;False
487;2023-08-20;1232.0;476;Não;5849;177;Rota C;91.9;2.7;904.05;False;False
225;2023-12-15;403.0;814;Sim;6905;523;Rota C;334.31;6.83;926.65;False;False
306;2023-11-18;135.0;928;Não;13661;1640;Rota A;59.61;11.14;754.13;True;False
438;2023-12-08;121.0;211;Não;5923;322;Rota D;37.1;13.81;756.43;False;False
297;2023-11-19;131.0;423;Não;6967;1776;Rota C;187.7;;842.16;False;False
286;2023-02-02;155.0;414;Não;6206;790;Rota A;59.29;3.51;346.25;False;False
488;2023-11-23;239.0;223;Sim;8528;196;Rota D;64.48;6.88;829.08;False;True
117;2023-04-13;282.0;879;Não;9065;1321;Rota A;252.05;4.83;692.83;False;False
297;2023-06-01;14.0;175;Não;14978;1834;Rota C;269.64;1.94;798.21;False;False
450;2023-05-03;448.0;897;Sim;16721;911;Rota A;202.92;12.56;860.92;False;False
252;2023-03-24;220.0;928;Sim;19219;187;Rota D;335.88;;895.76;False;False
231;2023-04-13;63.0;894;Sim;11320;1340;Rota B;493.48;8.25;70.05;False;False
425;2023-03-31;58.0;104;Sim;13796;1361;Rota A;422.51;9.07;488.73;True;False
264;2023-08-27;294.0;369;Sim;18072;871;Rota A;384.44;13.89;951.45;False;False
158;2023-03-21;430.0;703;Não;11384;205;Rota B;213.99;2.4;598.06;False;False
277;2023-04-24;406.0;119;Sim;10058;1631;Rota D;171.63;14.61;730.18;False;False
252;2023-06-05;108.0;301;Não;6224;1891;Rota A;289.94;7.24;368.06;False;False
261;2023-12-08;326.0;183;Não;5417;892;Rota A;161.04;8.27;138.12;False;False
453;2023-01-02;;110;Sim;8707;1905;Rota D;93.27;14.88;597.85;False;False
341;2023-09-23;26.0;886;Sim;17686;1539;Rota A;435.43;3.46;456.21;False;False
235;2023-04-26;269.0;320;Sim;18992;1530;Rota D;69.15;11.29;73.84;False;False
335;2023-12-04;;869;Não;6345;941;Rota B;492.33;10.56;141.0;False;False
146;2023-03-06;327.0;469;Não;11830;1689;Rota D;137.1;4.14;489.81;False;False
227;2023-09-05;432.0;662;Não;10343;307;Rota A;371.25;14.53;524.27;False;False
437;2023-11-20;254.0;411;Não;13982;1948;Rota D;39.94;1.51;521.85;False;False
257;2023-07-09;74.0;5;Não;16245;338;Rota A;403.54;10.25;330.35;False;False
112;2023-02-24;395.0;877;Não;17480;108;Rota C;262.73;13.23;586.04;False;False
218;2023-10-20;73.0;35;Não;8788;735;Rota B;484.09;6.6;514.26;False;False
402;2023-05-07;475.0;877;Não;11312;919;Rota B;251.24;7.21;285.98;False;False
474;2023-01-20;145.0;803;Não;12928;1646;Rota D;391.06;1.92;649.18;False;False
388;2023-07-17;352.0;636;Não;18823;1290;Rota B;123.93;4.69;775.49;False;False
390;2023-08-01;351.0;616;Sim;10568;1933;Rota A;180.63;11.03;107.2;False;False
215;2023-05-06;255.0;195;Sim;19300;1869;Rota B;396.44;14.75;223.37;False;False
187;2023-07-10;230.0;156;Sim;7207;1549;Rota B;437.66;5.83;725.29;False;False
224;2023-07-16;295.0;603;Sim;18372;1857;Rota A;62.14;3.07;431.97;False;False
274;2023-06-19;177.0;763;Sim;14598;1027;Rota C;348.69;2.3;606.24;True;False
463;2023-07-28;189.0;137;Sim;11428;1164;Rota D;490.41;3.53;549.96;False;False
152;2023-05-25;7.0;299;Não;8196;1032;Rota B;473.96;2.55;211.39;False;False
210;2023-07-05;497.0;643;Não;10624;1802;Rota B;188.52;12.62;626.82;False;False
164;2023-05-14;455.0;107;Sim;10817;893;Rota B;156.42;6.37;159.18;False;False
432;2023-04-07;120.0;907;Não;16347;774;Rota B;75.91;6.57;816.66;False;False
474;2023-10-06;2.0;947;Não;11131;820;Rota A;493.85;12.81;526.1;True;False
173;2023-05-12;368.0;470;Não;8168;1439;Rota B;386.73;11.39;114.17;False;True
246;2023-11-15;192.0;618;Não;6130;887;Rota A;316.64;8.38;987.45;False;False
360;2023-12-15;194.0;746;Não;19635;1323;Rota D;265.29;8.0;4001.27;False;False
363;2023-06-19;126.0;132;Não;13695;661;Rota A;405.13;10.75;714.89;False;False
231;2023-11-27;278.0;669;Não;16762;269;Rota D;329.31;9.22;187.83;False;False
148;2023-04-13;303.0;316;Não;11865;1351;Rota C;248.93;3.64;187.55;False;False
176;2023-04-03;257.0;428;Não;7534;1325;Rota B;226.41;2.76;198.47;False;False
393;2023-04-06;215.0;2;Não;10658;540;Rota B;195.51;6.68;194.98;False;False
216;2023-04-19;165.0;990;Não;8801;1362;Rota B;485.23;7.92;181.34;False;False
148;2023-04-02;155.0;69;Não;16218;1949;Rota C;458.25;2.15;986.2;False;False
209;2023-11-02;149.0;559;Não;8507;1341;Rota B;173.6;8.5;384.52;False;False
279;2023-03-13;341.0;204;Não;16567;410;Rota D;41.79;14.55;232.21;False;False
149;2023-12-25;232.0;657;Não;12993;306;Rota A;86.21;10.77;453.32;False;False
171;2023-02-28;35.0;79;Não;10161;1551;Rota B;302.13;3.0;527.55;False;False
446;2023-01-06;242.0;696;Não;9551;1966;Rota C;364.83;8.97;487.59;False;False
385;2023-03-15;367.0;553;Sim;8298;833;Rota B;432.95;12.26;483.37;False;False
103;2023-12-11;62.0;920;Não;17700;1133;Rota C;455.76;5.81;734.98;False;False
174;2023-05-21;415.0;725;Não;7720;1715;Rota B;468.06;7.01;691.68;True;False
184;2023-08-21;156.0;616;Sim;14713;793;Rota C;489.09;1.03;361.0;False;False
421;2023-08-14;229.0;515;Não;7700;1554;Rota B;391.7;13.17;225.0;False;False
475;2023-11-12;;700;Não;8672;1013;Rota B;369.27;7.58;714.42;False;True
120;2023-07-26;329.0;814;Não;6134;551;Rota D;176.8;4.55;360.58;False;False
308;2023-01-16;53.0;368;Não;12662;1712;Rota C;465.16;3.77;978.54;True;False
142;2023-01-05;85.0;159;Não;5199;1837;Rota D;77.34;;743.43;False;False
128;2023-06-30;408.0;454;Não;13649;918;Rota B;276.98;4.13;416.69;False;False
443;2023-03-08;319.0;819;Não;6319;539;Rota C;231.51;13.55;999.85;False;False
280;2023-11-24;49.0;97;Sim;12469;1483;Rota D;446.24;4.17;177.41;False;False
404;2023-11-25;488.0;175;Não;13353;1068;Rota B;324.79;6.63;357.0;False;False
202;2023-09-19;444.0;267;Não;18406;678;Rota D;198.7;2.97;551.9;False;False
365;2023-02-09;300.0;871;Não;7019;1265;Rota A;55.98;2.66;167.89;False;False
358;2023-12-02;427.0;318;Sim;12228;0;Rota C;151.46;4.33;619.74;True;False
472;2023-12-02;142.0;648;Não;6954;1673;Rota C;258.95;1.04;736.89;False;False
464;2023-10-25;368.0;190;Não;18762;534;Rota B;203.65;9.38;451.1;False;False
333;2023-05-31;266.0;131;Não;18469;1861;Rota D;475.03;4.11;656.5;False;False
445;2023-08-06;156.0;951;Não;13056;1661;Rota D;302.68;7.04;880.43;False;False
480;2023-11-15;;107;Não;14383;1943;Rota D;356.43;12.32;961.13;False;False
473;2023-10-13;486.0;822;Não;17095;838;Rota A;301.86;6.82;445.91;False;True
200;2023-09-23;35.0;743;Não;16926;1878;Rota C;208.5;11.71;735.55;False;False
190;2023-04-10;327.0;169;Não;18027;983;Rota A;40.06;10.97;781.3;False;False
168;2023-01-27;426.0;310;Sim;17341;1857;Rota D;25.18;13.06;721.99;False;False
205;2023-12-26;494.0;281;Sim;15944;1975;Rota C;330.33;6.55;557.88;False;True
110;2023-09-13;38.0;877;Sim;7074;183;Rota B;350.47;11.4;213.21;False;False
112;2023-07-30;7.0;390;Não;19404;922;Rota A;98.15;8.88;305.65;False;False
204;2023-03-14;315.0;71;Sim;10621;671;Rota D;320.45;8.29;615.06;False;False
325;2023-09-13;86.0;744;Sim;15283;1939;Rota A;15.3;4.77;401.92;False;False
267;2023-05-10;4.0;959;Não;12599;957;Rota D;227.84;8.12;925.88;False;False
478;2023-12-22;76.0;349;Não;19473;281;Rota D;146.76;1.77;208.08;False;False
389;2023-04-25;235.0;766;Não;13774;839;Rota D;442.59;2.62;328.16;False;False
199;2023-08-30;268.0;965;Não;6949;1547;Rota C;160.98;7.69;131.59;False;False
317;2023-06-24;414.0;550;Não;15245;379;Rota A;201.49;;588.17;False;False
406;2023-11-08;79.0;963;Sim;6537;1209;Rota D;88.4;13.65;293.54;False;False
444;2023-01-11;212.0;263;Sim;14084;567;Rota D;74.03;14.35;920.74;False;False
310;2023-07-22;283.0;370;Sim;8670;785;Rota B;177.47;13.3;386.14;False;False
376;2023-10-08;364.0;939;Não;5026;1974;Rota A;377.38;1.58;299.8;False;False
322;2023-12-18;256.0;919;Não;13029;1128;Rota A;43.31;12.47;888.31;False;False
256;2023-02-13;81.0;216;Não;8717;1280;Rota B;39.16;7.44;391.0;False;False
172;2023-05-22;164.0;797;Não;19736;1803;Rota D;407.43;1.66;215.09;False;False
374;2023-02-25;53.0;307;Sim;17186;1572;Rota A;266.86;;4871.47;False;False
139;2023-01-06;402.0;913;Não;5300;739;Rota A;431.29;12.12;55.93;False;False
334;2023-02-12;81.0;696;Não;5282;1229;Rota B;310.61;7.78;792.82;False;False
223;2023-04-14;395.0;299;Não;11222;764;Rota B;1367.6;9.26;990.51;False;False
384;2023-02-19;189.0;929;Não;7904;264;Rota A;95.19;1.28;206.36;False;False
252;2023-12-24;458.0;816;Sim;15888;319;Rota B;226.62;1.52;339.9;True;False
246;2023-12-25;100.0;718;Não;9061;1418;Rota A;102.35;7.0;591.35;False;False
295;2023-03-17;410.0;874;Não;7935;729;Rota D;434.17;8.07;350.26;True;False
272;2023-06-02;128.0;426;Sim;14531;1769;Rota D;490.55;3.22;566.02;False;False
311;2023-12-04;155.0;720;Não;18387;1033;Rota C;1145.79;6.2;908.52;False;False
401;2023-01-22;52.0;239;Sim;11318;630;Rota C;327.92;1.05;315.79;False;False
410;2023-05-27;336.0;129;Não;5789;84;Rota D;445.68;2.87;788.36;False;False
100;2023-03-05;284.0;362;Sim;13642;260;Rota A;342.15;1.35;590.71;False;False
238;2023-12-12;133.0;565;Não;18501;443;Rota A;198.88;13.32;946.8;False;False
295;2023-01-30;359.0;448;Não;8129;1063;Rota A;127.52;1.86;422.8;False;False
490;2023-10-21;214.0;755;Sim;19746;720;Rota B;210.58;8.85;963.57;False;False
319;2023-06-18;104.0;383;Sim;6077;466;Rota A;483.74;9.19;964.94;False;False
455;2023-12-29;242.0;56;Não;11512;1774;Rota D;49.33;1.06;809.52;False;False
262;2023-08-12;438.0;143;Não;13644;718;Rota B;60.44;9.57;142.04;False;False
150;2023-04-14;280.0;336;Não;11265;1239;Rota D;334.59;12.87;275.35;False;False
342;2023-09-25;493.0;200;Não;14110;750;Rota B;305.97;9.08;107.27;False;False
458;2023-11-09;487.0;361;Não;7386;308;Rota A;371.28;3.6;233.63;False;False
120;2023-05-23;364.0;660;Não;15918;355;Rota C;451.45;8.71;411.52;False;False
271;2023-10-16;108.0;701;Não;17737;123;Rota D;262.13;10.77;626.11;False;False
218;2023-07-13;;191;Não;10764;560;Rota A;181.65;10.58;416.23;True;False
228;2023-05-02;349.0;822;Não;12293;1310;Rota C;264.97;9.57;441.79;True;False
465;2023-11-18;495.0;427;Não;18715;1027;Rota B;95.44;6.36;430.02;False;False
205;2023-02-06;44.0;409;Não;14051;10;Rota C;451.17;2.7;114.62;False;False
294;2023-09-08;7.0;128;Sim;14607;288;Rota A;344.33;2.0;881.39;True;False
325;2023-01-26;398.0;123;Sim;11512;1173;Rota C;436.63;9.56;676.49;False;False
240;2023-03-14;206.0;305;Não;14589;1961;Rota C;158.18;6.08;369.1;False;False
371;2023-02-20;146.0;423;Não;15717;890;Rota A;447.94;1.03;619.91;True;True
218;2023-01-13;425.0;386;Não;10986;1134;Rota C;84.44;3.09;550.15;False;False
133;2023-05-28;126.0;198;Sim;5856;1377;Rota A;191.4;10.77;410.42;False;False
251;2023-07-15;479.0;899;Não;18113;658;Rota D;45.07;11.61;181.55;False;False
496;2023-01-08;453.0;798;Não;16724;225;Rota A;309.44;9.16;784.07;False;False
489;2023-04-03;275.0;781;Não;6349;1203;Rota C;128.77;9.47;121.1;False;False
138;2023-01-15;241.0;788;Não;17844;1228;Rota C;124.79;4.83;234.48;False;False
357;2023-02-16;131.0;884;Não;18325;1215;Rota C;496.82;7.84;111.44;False;False
366;2023-08-16;28.0;331;Não;15736;564;Rota C;127.59;14.13;319.44;False;False
106;2023-02-05;393.0;267;Não;16686;1474;Rota C;261.12;6.39;768.14;False;False
481;2023-07-29;236.0;645;Não;17495;1881;Rota D;312.11;9.54;950.25;False;False
362;2023-06-01;208.0;880;Sim;14216;490;Rota A;484.7;6.11;900.35;False;False
202;2023-03-03;52.0;656;Não;19449;478;Rota D;472.46;7.3;559.32;False;False
431;2023-04-28;;461;Não;6459;1715;Rota C;211.51;11.96;525.76;False;False
470;2023-07-01;432.0;190;Sim;6732;348;Rota A;1369.33;6.49;987.61;False;False
441;2023-01-13;320.0;392;Não;12213;1193;Rota D;105.09;;529.13;False;False
482;2023-01-08;159.0;27;Não;9758;785;Rota C;15.01;5.02;764.76;False;False
470;2023-04-21;14.0;902;Não;17062;910;Rota C;10.46;12.51;951.92;False;False
278;2023-06-17;349.0;364;Não;12677;1851;Rota C;390.77;5.24;56.13;False;False
407;2023-12-17;431.0;758;Não;7592;1852;Rota C;184.86;11.23;118.21;False;False
358;2023-05-28;399.0;554;Sim;13823;13;Rota B;327.74;13.99;548.29;False;False
432;2023-08-23;243.0;644;Sim;17895;609;Rota B;286.0;;54.05;False;False
257;2023-03-07;175.0;745;Não;7148;1814;Rota C;440.83;13.18;670.0;False;False
109;2023-03-24;174.0;399;Não;11019;1268;Rota B;291.91;2.98;891.16;False;False
215;2023-03-31;98.0;956;Sim;16171;957;Rota B;63.97;6.64;925.12;False;False
489;2023-04-12;261.0;384;Não;13211;1368;Rota A;440.93;1.36;62.4;False;False
216;2023-07-04;373.0;167;Não;18922;414;Rota B;364.16;8.32;887.17;False;False
281;2023-03-14;139.0;549;Não;8729;906;Rota A;160.7;14.98;696.69;False;False
335;2023-06-28;373.0;518;Não;11380;643;Rota C;380.14;8.54;755.17;False;False
293;2023-02-04;64.0;755;Sim;15499;1183;Rota D;202.66;13.06;575.35;False;False
399;2023-01-12;275.0;605;Não;8772;1009;Rota C;431.91;14.86;243.9;False;False
179;2023-04-19;485.0;826;Sim;19401;1056;Rota C;252.84;5.64;704.03;False;False
162;2023-05-20;201.0;879;Não;6679;1933;Rota B;306.82;6.99;369.86;False;False
432;2023-12-27;120.0;921;Não;9969;1201;Rota C;46.12;8.65;608.63;False;False
147;2023-06-27;315.0;588;Não;11408;1575;Rota A;418.46;11.22;380.95;False;False
176;2023-08-12;202.0;64;Não;17664;1408;Rota B;250.92;8.14;565.93;False;False
249;2023-11-01;239.0;958;Não;11452;1774;Rota B;77.75;3.59;166.54;False;False
220;2023-03-16;398.0;948;Sim;7966;1560;Rota A;34.45;8.03;110.55;False;False
374;2023-05-20;13.0;50;Sim;7058;340;Rota B;187.37;11.1;101.43;False;False
445;2023-04-04;158.0;177;Não;6068;555;Rota D;483.8;11.54;981.07;False;False
113;2023-02-04;79.0;412;Não;15380;361;Rota B;420.91;6.87;745.86;False;False
322;2023-07-22;361.0;967;Não;16267;730;Rota A;310.07;9.51;920.11;True;False
192;2023-08-30;78.0;449;Não;14494;1243;Rota C;246.44;14.91;348.37;False;False
336;2023-10-23;138.0;620;Não;5652;983;Rota D;481.26;5.74;579.91;False;False
205;2023-01-11;431.0;752;Não;8737;1114;Rota B;478.52;2.55;553.33;False;False
313;2023-09-16;189.0;50;Não;16354;1481;Rota A;261.26;2.98;129.88;False;False
106;2023-03-17;77.0;391;Sim;9648;1889;Rota B;85.1;12.31;230.45;True;False
200;2023-02-21;230.0;794;Não;13361;1370;Rota A;271.28;9.94;630.44;False;False
148;2023-04-02;158.0;680;Não;18952;1449;Rota B;195.08;6.13;632.68;False;False
140;2023-05-12;110.0;317;Sim;14275;1007;Rota C;369.12;1.74;385.26;False;False
258;2023-09-30;76.0;688;Sim;12910;1183;Rota D;213.08;2.37;990.29;False;False
489;2023-11-16;493.0;494;Não;10300;1576;Rota A;20.62;9.11;595.15;False;True
243;2023-11-17;490.0;150;Não;19491;223;Rota C;409.04;8.98;675.92;False;False
137;2023-09-27;370.0;782;Sim;12720;1288;Rota A;397.24;8.83;840.31;False;True
159;2023-10-22;409.0;319;Não;8556;433;Rota B;322.65;10.54;452.45;False;False
213;2023-09-18;316.0;479;Não;7773;1700;Rota B;411.4;12.95;289.14;False;False
195;2023-01-04;457.0;853;Não;18333;1361;Rota D;30.54;8.58;473.0;False;False
452;2023-03-23;144.0;564;Não;8526;862;Rota B;380.49;7.57;470.15;False;False
308;2023-05-25;439.0;391;Não;6100;1409;Rota B;232.89;;554.49;False;False
388;2023-11-24;161.0;36;Não;7695;186;Rota A;76.33;12.05;493.95;False;False
162;2023-06-02;493.0;464;Não;6155;285;Rota A;56.34;8.12;731.91;True;False
494;2023-09-25;255.0;710;Sim;15744;245;Rota B;347.67;2.1;654.19;False;False
496;2023-05-31;209.0;234;Sim;10066;1232;Rota C;327.76;5.09;180.82;False;False
193;2023-03-02;499.0;404;Sim;19363;1108;Rota B;57.62;13.02;259.86;False;False
420;2023-08-08;372.0;550;Não;15937;1672;Rota D;276.14;9.65;743.72;False;False
446;2023-05-11;109.0;388;Não;19577;1655;Rota C;465.56;1.73;461.72;False;True
250;2023-03-14;115.0;144;Não;7392;292;Rota A;399.94;11.5;542.14;False;False
489;2023-08-06;370.0;738;Não;5177;861;Rota A;481.74;7.56;186.44;True;False
392;2023-10-22;12.0;111;Sim;8246;1723;Rota B;402.48;1.19;184.09;False;False
183;2023-02-22;272.0;184;Não;8785;235;Rota B;331.0;10.16;281.71;False;False
227;2023-08-14;282.0;251;Não;11636;108;Rota D;456.76;3.6;984.64;False;False
361;2023-12-11;278.0;879;Sim;11124;1295;Rota B;339.46;2.25;730.99;True;False
448;2023-11-16;151.0;782;Não;17324;13;Rota D;255.12;4.69;309.73;True;False
254;2023-01-05;466.0;743;Não;17808;1689;Rota A;55.16;4.22;662.48;False;False
341;2023-09-01;477.0;127;Sim;18705;1790;Rota B;213.36;;703.75;False;False
183;2023-07-23;251.0;15;Não;5483;1253;Rota D;101.76;12.87;899.54;False;False
496;2023-06-15;348.0;472;Não;19721;1744;Rota B;437.62;8.48;469.48;False;False
235;2023-09-21;109.0;654;Não;11822;818;Rota C;219.86;5.75;298.65;False;False
280;2023-05-31;457.0;906;Não;6428;1931;Rota A;245.41;11.56;329.31;False;False
180;2023-05-05;348.0;758;Sim;8117;302;Rota B;384.25;11.67;229.0;False;False
100;2023-10-26;477.0;260;Não;8929;130;Rota C;429.49;4.91;917.23;True;False
315;2023-07-07;232.0;596;Não;9268;1185;Rota C;200.05;1.52;667.33;False;False
307;2023-08-12;108.0;105;Sim;15841;476;Rota D;202.08;12.97;879.74;False;False
430;2023-11-07;104.0;744;Não;14157;602;Rota B;78.82;2.21;900.17;True;False
352;2023-03-24;100.0;564;Não;11464;1705;Rota D;234.24;7.19;687.52;False;False
231;2023-10-07;415.0;715;Sim;17286;1281;Rota A;142.55;7.03;840.42;False;False
161;2023-03-25;245.0;252;Não;17391;1434;Rota C;91.3;6.32;2272.83;False;False
423;2023-10-09;426.0;821;Não;16578;1480;Rota A;255.07;6.21;556.0;False;False
244;2023-11-10;247.0;477;Não;8014;339;Rota C;204.07;12.32;588.45;True;False
468;2023-07-17;;835;Não;19662;411;Rota C;350.85;1.78;117.59;False;False
184;2023-12-12;375.0;244;Não;17903;1785;Rota A;320.9;12.8;371.73;False;False
216;2023-10-29;309.0;812;Não;11898;1635;Rota D;150.75;13.24;949.68;False;False
329;2023-03-30;300.0;218;Não;17817;1174;Rota D;445.92;11.6;435.63;False;False
355;2023-11-12;1949.0;380;Não;19091;729;Rota C;299.72;9.9;209.29;True;False
412;2023-06-04;435.0;219;Sim;5017;1240;Rota D;146.06;10.9;168.2;False;False
418;2023-05-01;401.0;770;Sim;11949;364;Rota B;58.42;10.4;179.94;False;False
148;2023-04-28;65.0;188;Não;14822;1876;Rota D;388.94;10.76;719.58;False;False
245;2023-05-02;283.0;66;Não;10106;1956;Rota B;228.84;8.92;191.55;False;False
473;2023-10-14;136.0;509;Não;6905;1269;Rota C;465.31;;872.76;False;False
109;2023-05-23;439.0;535;Não;11857;920;Rota D;495.68;;554.82;False;False
290;2023-11-24;339.0;749;Não;9876;542;Rota B;380.2;9.25;2547.15;False;False
179;2023-04-07;443.0;28;Não;11782;1676;Rota D;25.03;4.92;336.85;False;False
330;2023-07-09;332.0;249;Sim;6828;1844;Rota A;374.74;9.83;827.5;False;False
306;2023-01-02;314.0;821;Não;13864;1271;Rota A;368.44;11.24;203.07;False;False
488;2023-04-29;1176.0;914;Não;6407;746;Rota D;242.15;13.8;803.22;False;False
328;2023-06-21;461.0;879;Sim;15745;1592;Rota D;281.54;12.36;987.47;False;False
427;2023-01-16;270.0;955;Não;19453;220;Rota D;378.13;9.64;507.31;False;False
418;2023-11-21;457.0;577;Não;12407;1778;Rota B;144.24;13.33;498.81;False;False
379;2023-07-22;233.0;68;Não;17965;68;Rota B;194.52;10.22;980.71;True;False
447;2023-03-27;275.0;36;Não;14716;1985;Rota B;482.93;3.0;215.65;False;False
466;2023-06-17;146.0;849;Não;8783;69;Rota A;15.09;5.21;601.14;False;False
107;2023-04-17;171.0;24;Não;9334;1196;Rota D;292.78;3.07;564.57;False;False
378;2023-04-05;;729;Não;19013;1365;Rota C;268.36;2.47;445.53;False;False
454;2023-09-14;227.0;875;Não;14733;762;Rota B;476.95;9.42;263.76;False;False
258;2023-03-23;204.0;332;Não;9241;1649;Rota D;411.55;3.67;261.54;False;False
346;2023-07-06;;290;Sim;18586;920;Rota B;335.87;13.97;684.65;False;False
180;2023-01-13;327.0;341;Não;16794;1160;Rota D;241.04;9.2;506.87;False;False
255;2023-08-08;207.0;824;Não;19161;1784;Rota A;425.25;4.56;90.53;False;False
147;2023-10-27;47.0;575;Sim;15785;492;Rota D;133.82;8.8;436.39;True;False
214;2023-10-06;55.0;969;Não;7698;122;Rota C;372.32;10.91;663.05;False;False
111;2023-10-15;179.0;292;Sim;5305;1392;Rota A;78.39;7.56;734.06;False;False
434;2023-02-04;44.0;875;Sim;8593;1402;Rota B;474.43;13.67;435.27;False;False
386;2023-10-26;66.0;425;Sim;5666;414;Rota A;315.15;8.99;566.59;False;False
190;2023-11-21;463.0;262;Não;15372;288;Rota C;105.62;8.89;468.44;False;False
390;2023-11-15;358.0;913;Não;9968;1365;Rota A;327.76;3.94;79.84;False;False
154;2023-10-20;263.0;287;Sim;18913;1987;Rota A;347.67;;538.53;False;False
437;2023-12-06;122.0;506;Não;5114;185;Rota D;249.06;11.74;576.22;False;False
263;2023-06-22;176.0;626;Não;7277;1909;Rota C;187.67;;547.55;False;False
171;2023-07-29;173.0;239;Não;12495;1876;Rota D;358.12;6.97;874.15;False;False
465;2023-08-29;266.0;518;Sim;6809;1361;Rota B;93.3;11.94;789.27;False;False
415;2023-07-18;4.0;178;Sim;5764;1150;Rota A;187.37;6.62;422.98;False;False
212;2023-09-20;394.0;784;Não;10615;1169;Rota A;152.12;9.23;467.88;False;False
168;2023-01-29;124.0;798;Não;6511;1355;Rota C;79.06;2.59;446.39;False;False
113;2023-03-19;245.0;796;Não;19960;402;Rota B;337.73;14.81;413.66;False;False
201;2023-07-04;35.0;127;Sim;18329;1913;Rota C;336.45;3.3;788.63;True;False
375;2023-11-19;479.0;459;Não;15086;675;Rota D;446.4;3.37;897.86;False;True
463;2023-01-10;2.0;160;Sim;19024;826;Rota D;195.68;7.17;940.54;False;False
364;2023-04-21;295.0;870;Não;9710;597;Rota B;52.44;4.62;505.74;False;False
452;2023-06-14;207.0;473;Sim;5570;493;Rota B;201.79;9.81;367.72;False;False
309;2023-10-12;465.0;550;Sim;14143;299;Rota A;232.38;1.18;896.29;False;False
297;2023-03-06;351.0;285;Não;15402;447;Rota D;74.81;8.41;836.97;False;False
480;2023-05-22;435.0;258;Não;12909;1378;Rota B;460.65;12.41;448.96;True;False
200;2023-08-24;142.0;595;Não;9059;371;Rota B;18.9;14.3;254.27;False;False
485;2023-01-03;343.0;332;Não;16972;97;Rota A;184.56;11.36;472.86;False;False
353;2023-03-29;47.0;914;Não;15882;969;Rota A;185.54;3.62;864.94;True;False
257;2023-08-11;484.0;64;Não;7541;155;Rota B;489.84;10.36;938.11;False;False
489;2023-01-04;344.0;425;Sim;5793;1983;Rota D;124.61;10.5;638.22;False;False
330;2023-04-22;294.0;150;Não;18638;1001;Rota B;295.12;7.88;943.98;False;False
250;2023-12-03;350.0;529;Não;15378;1587;Rota D;461.31;;544.44;False;False
130;2023-09-01;1061.0;682;Não;5531;1595;Rota B;146.34;11.83;953.27;False;False
355;2023-03-24;235.0;4;Sim;6965;1700;Rota D;267.96;10.87;759.3;False;False
119;2023-11-03;347.0;132;Não;6871;688;Rota C;386.74;4.6;692.38;True;False
360;2023-01-29;83.0;402;Sim;15324;225;Rota A;103.21;13.97;509.61;False;False
248;2023-10-19;471.0;709;Não;16701;395;Rota B;488.82;1.65;535.5;False;False
462;2023-11-06;7.0;14;Não;9047;237;Rota B;44.09;14.59;137.89;False;False
174;2023-10-10;75.0;10;Não;9278;1608;Rota A;252.94;8.45;526.63;False;False
223;2023-12-26;428.0;306;Sim;8875;1771;Rota D;312.98;;100.34;False;False
314;2023-02-12;2.0;989;Não;11063;1518;Rota B;106.29;12.64;417.15;False;False
416;2023-10-30;458.0;723;Sim;19023;1885;Rota B;327.53;3.28;967.2;False;False
329;2023-07-17;475.0;802;Sim;16112;417;Rota B;120.8;13.55;949.05;False;False
350;2023-01-29;177.0;3;Não;9924;1711;Rota D;107.76;1.13;928.24;False;False
193;2023-05-08;336.0;8;Sim;18860;142;Rota B;236.91;14.02;196.83;True;False
269;2023-06-21;402.0;986;Sim;17188;1390;Rota C;452.96;6.76;538.85;False;True
140;2023-03-25;276.0;594;Não;17716;671;Rota B;415.25;14.94;294.84;False;False
288;2023-03-04;255.0;580;Não;12726;1239;Rota B;241.09;4.23;574.16;False;False
309;2023-11-27;148.0;647;Não;12561;1855;Rota A;464.12;10.32;170.91;False;False
279;2023-07-22;322.0;362;Não;11500;1707;Rota D;229.01;12.89;615.56;False;False
396;2023-05-18;412.0;349;Não;6111;1557;Rota C;360.08;1.31;424.14;False;False
159;2023-08-08;229.0;35;Não;7211;1410;Rota A;248.31;1.34;483.81;False;False
129;2023-08-16;420.0;719;Sim;18404;666;Rota D;276.72;1.46;741.62;False;False
325;2023-11-28;266.0;46;Sim;14234;1252;Rota D;412.63;1.08;829.64;False;False
194;2023-12-19;234.0;173;Sim;7638;494;Rota B;357.92;3.99;572.61;False;False
338;2023-06-16;14.0;451;Não;8815;9;Rota A;214.6;12.26;941.75;False;False
265;2023-02-01;438.0;570;Não;12316;385;Rota D;410.96;4.09;291.12;False;False
482;2023-09-01;327.0;643;Não;15276;1976;Rota C;379.35;5.97;997.74;False;False
